/*
SQLyog Ultimate v12.08 (64 bit)
MySQL - 5.5.62 : Database - mingtu
*********************************************************************
*/

/*!40101 SET NAMES utf8 */;

/*!40101 SET SQL_MODE=''*/;

/*!40014 SET @OLD_UNIQUE_CHECKS=@@UNIQUE_CHECKS, UNIQUE_CHECKS=0 */;
/*!40014 SET @OLD_FOREIGN_KEY_CHECKS=@@FOREIGN_KEY_CHECKS, FOREIGN_KEY_CHECKS=0 */;
/*!40101 SET @OLD_SQL_MODE=@@SQL_MODE, SQL_MODE='NO_AUTO_VALUE_ON_ZERO' */;
/*!40111 SET @OLD_SQL_NOTES=@@SQL_NOTES, SQL_NOTES=0 */;
CREATE DATABASE /*!32312 IF NOT EXISTS*/`mingtu` /*!40100 DEFAULT CHARACTER SET utf8 */;

USE `mingtu`;

/*Table structure for table `brand_large_type` */

DROP TABLE IF EXISTS `brand_large_type`;

CREATE TABLE `brand_large_type` (
  `id` bigint(20) NOT NULL AUTO_INCREMENT COMMENT '主键',
  `catalog` varchar(64) COLLATE utf8_unicode_ci DEFAULT NULL COMMENT '目录',
  `cnno` varchar(64) COLLATE utf8_unicode_ci DEFAULT NULL COMMENT '中文序号，第几类',
  `no` varchar(64) COLLATE utf8_unicode_ci NOT NULL COMMENT '序号，第几类',
  `name` varchar(256) COLLATE utf8_unicode_ci DEFAULT NULL COMMENT '类别名',
  `instruction` varchar(1024) COLLATE utf8_unicode_ci DEFAULT NULL COMMENT '简介',
  `remark` varchar(1024) COLLATE utf8_unicode_ci DEFAULT NULL COMMENT '说明',
  `record_status` char(1) CHARACTER SET utf8 NOT NULL COMMENT '是否已经失效',
  `update_count` int(11) NOT NULL COMMENT '记录更新次数',
  `create_date` datetime NOT NULL COMMENT '记录创建日期',
  `creator_id` bigint(20) DEFAULT NULL COMMENT '记录创建者ID',
  `update_date` datetime DEFAULT NULL COMMENT '更新日期',
  `updater_id` bigint(20) DEFAULT NULL COMMENT '更新者ID',
  PRIMARY KEY (`id`)
) ENGINE=InnoDB AUTO_INCREMENT=71 DEFAULT CHARSET=utf8 COLLATE=utf8_unicode_ci COMMENT='商标大类表';

/*Data for the table `brand_large_type` */

insert  into `brand_large_type`(`id`,`catalog`,`cnno`,`no`,`name`,`instruction`,`remark`,`record_status`,`update_count`,`create_date`,`creator_id`,`update_date`,`updater_id`) values (1,'01','第一类','001','化学原料','用于工业、科学、摄影、农业、园艺和林业的化学品；未加工人造合成树脂，未加工塑料物质，肥料，灭火用合成物，淬火和金属焊接用制剂，保存食品用化学品，鞣料，工业用粘合剂','第一类主要包括用于工业、科学和农业的化学制品，包括用于制造属于其他类别的产品的化学制品。</p >|\r\n<p>本类尤其包括：</p >|\r\n<small>堆肥；</small>|\r\n<small>非食品防腐盐；</small>|\r\n<small>某些特定的食品工业用添加剂（查阅按字母顺序排列的商品分类表）。</small>|\r\n<p>本类尤其不包括：</p >|\r\n<small>未加工的天然树脂（第二类）；</small>|\r\n<small>医学科学用化学制品（第五类）；</small>|\r\n<small>杀真菌剂、除莠剂和消灭有害动物制剂（第五类）；</small>|\r\n<small>文具用或家用粘合剂（第十六类）；</small>|\r\n<small>食品用防腐盐（第三十类）；</small>|\r\n<small>褥草（腐殖土的覆盖物）（第三十一类）。</small>|','A',0,'2019-01-21 11:25:35',-4,'2020-06-28 16:56:24',1),(2,'02','第二类','002','颜料油漆','颜料，清漆，漆，防锈剂和木材防腐剂，着色剂，媒染剂，未加工的天然树脂，画家、装饰家、印刷 商 和艺术家用金属箔及金属粉','第二类主要包括颜料、染料和防腐制品。\r\n本类尤其包括：\r\n工业、手工业和艺术用颜料、清漆和漆；\r\n服装染料；\r\n食品和饮料用着色剂。\r\n本类尤其不包括：\r\n未加工的人造树脂（第一类）；\r\n洗衣和漂白用上蓝剂（第三类）；\r\n美容用染料（第三类）；\r\n颜料盒（学校用文具）（第十六类）；\r\n绝缘颜料和绝缘漆（第十七类）。','A',0,'2019-01-21 11:50:23',1,'2019-03-19 09:17:26',1),(3,'03','第三类','003','日化用品','洗衣用漂白剂及其他物料，清洁、擦亮、去渍及研磨用制剂，肥皂，香料，香精油，化妆品，发水， 牙膏','第三类主要包括清洁制剂和梳妆用制剂。\r\n本类尤其包括：\r\n人用或动物用除臭剂；\r\n室内芳香剂；\r\n梳妆用卫生制剂。\r\n本类尤其不包括：\r\n清洁烟囱用化学制品（第一类）；\r\n生产过程中用的去渍制剂（第一类）；\r\n非人用、非动物用除臭剂（第五类）；\r\n磨石和砂轮（手工具）（第八类）。','A',0,'2019-01-21 16:48:30',1,'2019-01-22 13:56:40',1),(4,'04','第四类','004','燃料油脂','工业用油及油脂,润滑剂,吸收、喷洒和粘结灰尘用品,燃料（包括马达用的汽油）和照明材料 ,照明用蜡烛和灯芯','第四类主要包括工业用油和油脂，燃料和照明材料。\r\n本类尤其不包括：\r\n某些特殊的工业用油和油脂（查阅按字母顺序排列的商品分类表）。','A',0,'2019-01-23 11:50:34',1,'2019-01-23 11:50:34',1),(5,'05','第五类','005','医药卫生','医用和兽医用制剂，医用卫生制剂,医用营养品,婴儿食品,膏药,绷敷材料,填塞牙孔和牙模用料,消毒剂,消灭有害动物制剂,杀真菌剂,除锈剂','第五类主要包括药品和其他医用或兽医用制剂。\r\n本类尤其包括：\r\n婴儿和失禁者用尿布；\r\n除梳妆用制剂以外的个人保健用卫生制剂；\r\n非人用、非动物用除臭剂；\r\n膳食补充剂，为正常饮食提供补充或为健康目的；\r\n医用或兽医用代餐物、营养食物和饮料；\r\n不含烟草的医用卷烟。\r\n本类尤其不包括：\r\n梳妆用卫生制剂（第三类）；\r\n人用或动物用除臭剂（第三类）；\r\n矫形用绷带（第十类）；\r\n非医用、非兽医用的代餐物、营养食物和饮料（第二十九类、第三十类、第三十一类、第三十二类或第三十三类）。','A',0,'2019-01-23 11:51:29',1,'2019-03-21 15:24:51',1),(6,'06','第六类','006','金属材料','普通金属及其合金，金属建筑材料 ，可移动金属建筑物，铁轨用金属材料 ，非电气用缆索和金属线，小五金具，金属管，保险箱，不属别类的普通金属制品，矿砂','第六类主要包括未加工的和半加工的普通金属，以及这些金属的简单制品。\r\n本类尤其不包括：\r\n-铝土（第一类）；\r\n-汞，锑，碱金属和碱土金属（第一类）；\r\n-画家、装饰家、印刷商和艺术家用金属箔及金属粉（第二类）。','A',0,'2019-03-11 14:46:42',1,'2019-03-11 14:46:42',1),(7,'07','第七类','007','机械设备','机器和机床，马达和发动机（陆地车辆用的除外），机器传动用联轴节和传动机件（陆地车辆用的除外），非手动农业工具，卵化器','第七类主要包括机器、机床、马达和引擎。\r\n本类尤其包括：\r\n-各类马达和引擎的部件；\r\n-电动清洁机器和装置。\r\n本类尤其不包括：\r\n-某些特殊的机器和机床（查阅按字母顺序排列的商品分类表）；\r\n-手动的手工具和器具（第八类）；\r\n-陆地车辆用马达和引擎（第十二类）。','A',0,'2019-03-11 14:47:57',1,'2019-03-11 14:47:57',1),(8,'08','第八类','008','手工器械','手工用具和器械（手工操作的），刀、叉和勺餐具，佩刀，剃刀','第八类主要包括各种行业的作为工具使用的手动器具。\r\n本类尤其包括：\r\n-贵重金属制刀、叉和勺餐具；\r\n-电动剃刀和修剪刀（手工器具）\r\n本类尤其不包括：\r\n-某些特殊器具（查阅按字母顺序排列的商品分类表）；\r\n-马达带动的机床和器具（第七类）；\r\n-外科手术刀（第十类）；\r\n-作为火器的随身武器（第十三类）；\r\n-切纸刀（第十六类）；\r\n-击剑用兵器（第二十八类）。','A',0,'2019-03-11 14:51:30',1,'2019-03-26 15:24:48',1),(9,'09','第九类','009','科学仪器','科学、航海、测地、摄影、电影、光学、衡具、量具、信号、检验（监督）、救护（营救）和教学用具及仪器，处理、开关、传送、积累、调节或控制电的仪器和器 具，录制、通讯、重放声音和形象的器具，磁性数据载体，录音盘，自动售货器和投币启动装置和投币启动装置的机械结构，现金收入记录机，计算机和数据处理装 置，灭火器械','第九类尤其包括：\r\n-实验室科研用仪器及器械；\r\n-领航用电气仪器及器械，如测量和传令仪器及器械；\r\n-量角器；\r\n-穿孔卡式办公机械；\r\n-不论录制媒体或传播途径的所有的计算机程序和软件，即包括录制在磁性媒体 上的软件或从远程计算机网络上下载的软件。\r\n尤其不包括：\r\n-下列电动仪器及器械： （1）炊事用电气用具（食品碾磨和搅拌器、榨果汁器、电动磨咖啡器等）和第 七类中使用电动机的其他设备及器具； （2）抽取或分发燃料的器具（第七类）； （3）电动剃刀和理发推子（手工具）（第八类）； （4）电动牙刷和梳子（第二十一类）； （5）房间加热或液体加热、烹调、通风等电器设备（第十一类）；\r\n-钟表和其他计时器（第十四类）；\r\n-时间控制钟（第十四类）；\r\n-与外接显示屏或监视器连用的娱乐和游戏装置（第二十八类）。','A',0,'2019-03-11 14:56:18',1,'2019-03-11 14:56:18',1),(10,'10','第十类','010','医疗器械','外科、医疗、牙科和兽医用仪器及器械，假肢、假眼和假牙，矫形用品，缝合用材料','第十类主要包括医疗仪器、器械及用品。\r\n本类尤其包括：\r\n-医用特种家具；\r\n-橡胶卫生用品（查阅按字母顺序排列的商品分类表）；\r\n-矫形用绷带。','A',0,'2019-03-11 14:57:00',1,'2019-03-11 14:57:00',1),(11,'11','第十一类','011','灯具空调','照明、加温、蒸汽、烹调、冷藏、干燥、通风、供水以及卫生设备装置','本类尤其包括：\r\n-空气调节装置；\r\n-电或非电的暖床器，暖水袋，长柄暖床炉；\r\n-非医用电热垫和电热毯：\r\n-电水壶；\r\n-电烹调用具。\r\n本类尤其不包括：\r\n-制造蒸汽的装置（机器部件）（第七类）；\r\n-电暖衣服（第九类）。','A',0,'2019-03-11 14:58:28',1,'2019-03-11 14:58:28',1),(12,'12','第十二类','012','运输工具','车辆，陆、空、海用运载器','本类尤其包括：\r\n-陆地车辆用马达和引擎；\r\n-陆地车辆用联结器和传动机件；\r\n-气垫船。\r\n本类尤其不包括：\r\n-车辆的某些部件（查阅按字母顺序排列的商品分类表）；\r\n-铁路用金属材料（第六类）；\r\n-非陆地车辆用马达、引擎、联结器和传动机件（第七类）；\r\n-所有马达和引擎的部件（第七类）。','A',0,'2019-03-11 14:59:36',1,'2019-03-11 14:59:36',1),(13,'13','第十三类','013','军火烟火','火器，军火及子弹，爆炸物，烟火','第十三类主要包括火器和花炮产品。\r\n本类尤其不包括\r\n-火柴（第三十四类）。','A',0,'2019-03-11 15:00:10',1,'2019-03-11 15:00:10',1),(14,'14','第十四类','014','珠宝钟表','贵重金属及其合金以及不属别类的贵重金属制品或镀有贵重金属的物品，珠宝，首饰，宝石，钟表和计时仪器','第十四类主要包括贵重金属，不属别类的贵重金属制品，并通常包括珠宝首饰和钟表。\r\n本类尤其包括：\r\n-首饰（即仿真首饰、贵重金属制首饰和宝石）；\r\n-衬衫袖口的链扣，领带饰针。\r\n本类尤其不包括：\r\n-按功能或用途进行分类的贵重金属制品，如：画家、装饰家、印刷商和艺术家用金属箔及金属粉（第二类），牙科用金汞合金（第五类），刀、叉和勺餐具（第八类），电触点（第九类），金笔尖（第十六类），茶壶（第二十一类），金银线制刺绣品（第二十六类），雪茄烟盒（第三十四类）；\r\n-非贵重金属制艺术品（按其原料分类）。','A',0,'2019-03-11 15:00:55',1,'2019-03-11 15:00:55',1),(15,'15','第十五类','015','乐器用品','乐器、','本类尤其包括：\r\n-机械钢琴及其附件；\r\n-八音盒；\r\n-电动和电子乐器。\r\n本类尤其不包括：\r\n-录音、播音、扩音和放音装置（第九类）。','A',0,'2019-03-11 15:04:19',1,'2019-03-11 15:04:19',1),(16,'16','第十六类','016','办公用品','不属别类的纸、纸板及其制品,印刷品,装订用品,照片,文具用品,文具或家庭用粘合剂,美术用品,画笔,打字机和办公用品（家俱除外）,教育或教学用品（仪器除外），包装用塑料物品（不属别类的），印刷铅字，印版','第十六类主要包括纸、纸制品和办公用品。\r\n本类尤其包括：\r\n-切纸刀；\r\n-油印机；\r\n-包装用塑料纸、塑料提兜和塑料袋。\r\n本类尤其不包括：\r\n-某些纸制品和纸板制品（查阅按字母顺序排列的商品分类表）；\r\n-颜料（第二类）；\r\n-艺术家用手工具（如修平刀、雕塑凿刀）（第八类）。','A',0,'2019-03-11 15:05:22',1,'2019-03-11 15:05:22',1),(17,'17','第十七类','017','橡胶制品','不属别类的橡胶、古塔胶、树胶、石棉、云母以及这些原材料的制品,生产用半成品塑料制品,包装、填充和绝缘用材料,非金属软管','第十七类主要包括电绝缘，隔热或隔音材料，以及生产用塑料片、板或杆。\r\n本类尤其包括：\r\n-修复轮胎用橡胶材料；\r\n-橡胶或塑料制衬垫及填充料；\r\n-抗污染的浮动屏障。','A',0,'2019-03-11 15:06:29',1,'2019-03-11 15:06:29',1),(18,'18','第十八类','018','皮革皮具','皮革及人造皮革,不属别类的皮革及人造皮革制品,毛皮,箱子及旅行袋,雨伞、阳伞及手杖,鞭和马具','第十八类主要包括皮革、人造皮革、不属别类的旅行用品和马具。\r\n本类尤其不包括：\r\n-服装、鞋、帽（查阅按字母顺序排列的商品分类表）。','A',0,'2019-03-11 15:17:56',1,'2019-03-11 15:17:56',1),(19,'19','第十九类','019','建筑材料','非金属的建筑材料,建筑用非金属刚性管,沥青,柏油,可移动非金属建筑物,非金属碑','第十九类主要包括非金属建筑材料。\r\n本类尤其包括：\r\n-半成品木材（如横梁、板、护板）；\r\n-胶合板；\r\n-建筑用玻璃（如平板、玻璃瓦片）；\r\n-路标用玻璃颗粒；\r\n-混凝土制信箱。\r\n本类尤其不包括：\r\n-水泥贮藏或防水用制剂（第一类）；\r\n-防火制剂（第一类）。','A',0,'2019-03-11 15:19:37',1,'2019-03-11 15:19:37',1),(20,'20','第二十类','020','家具制品','家具,玻璃镜子,镜框,不属别类的木、软木、苇、藤、柳条、角、骨、象牙、鲸骨、贝壳、琥珀、珍珠母、海泡石制品,这些材料的代用品或塑料制品','第二十类主要包括家具及其部件和不属别类的塑料制品。\r\n本类尤其包括：\r\n-金属家具和野营用家具；\r\n-床上用品（如床垫、弹簧垫、枕头）；\r\n-镜子及陈设或梳妆用镜；\r\n-非金属牌照；\r\n-非金属、非混凝土制信箱。\r\n本类尤其不包括：\r\n-某些按其功能或用途分类的特种镜子（查阅按字母顺序排列的商品分类表）；\r\n-实验室用特种家具（第九类）；\r\n-医用特种家具（第十类）；\r\n-床单和枕套（第二十四类）；\r\n-鸭绒被（第二十四类）。','A',0,'2019-03-11 15:21:07',1,'2019-03-11 15:21:07',1),(21,'21','第二十一类','021','厨房洁具','家庭或厨房用具及容器（非贵重金属所制,也非镀有贵重金属的）,梳子及海棉，刷子（画笔除外）,制刷材料,清扫用具,钢丝绒,未加工或半加工玻璃（建筑用玻璃除外），不属别类的玻璃器皿、瓷器及陶','第二十一类主要包括家庭和厨房用小型手动器具以及盥洗室用具、玻璃器皿和瓷器。\r\n本类尤其包括：\r\n-家庭和厨房用器具及容器，如：厨房用具，桶，用铁、铝、塑料或其他材料制成的盆，以及小型手动的切碎机、研磨机、压-榨机；\r\n-电梳；\r\n-电牙刷；\r\n-碗碟架和饮料瓶架（餐具）。\r\n本类尤其不包括：\r\n-某些玻璃制品、瓷器和陶器（查阅按字母顺序排列的商品分类表）；\r\n-清洁制剂、肥皂等（第三类）；\r\n-小型电动的切碎机、研磨机、压榨机（第七类）；\r\n-剃刀及剃毛装置、修剪刀（手工器具）、修指甲和修脚的金属器具（第八类）；\r\n-电烹饪器具（第十一类）；\r\n-梳妆镜（第二十类）。','A',0,'2019-03-11 15:22:12',1,'2019-03-11 15:22:12',1),(22,'22','第二十二类','022','绳网袋篷','缆,绳,网,帐篷,防水遮布,帆,袋（不属别类的）,衬垫及填充料（橡胶或塑料除外）,纺织用纤维原料','第二十二类主要包括绳缆及帆篷制品，衬垫和填充材料，纺织用纤维原料。\r\n本类尤其包括：\r\n-用天然或人工纺织纤维、纸或塑料制成的缆和绳。\r\n本类尤其不包括：\r\n-某些网、袋和包（查阅按字母顺序排列的商品分类表）；\r\n-乐器弦（第十五类）。','A',0,'2019-03-11 15:23:00',1,'2019-03-11 15:23:00',1),(23,'23','第二十三类','023','纱线丝品','纺织用纱、线','纺织用纱和线','A',0,'2019-03-11 15:23:30',1,'2019-03-11 15:23:30',1),(24,'24','第二十四类','024','布料床单','不属别类的布料及纺织品、床单和桌布','第二十四类主要包括纺织品（布匹）和家用纺织品制罩布。\r\n本类尤其包括：\r\n-纸制床单和枕套。\r\n本类尤其不包括：\r\n-某些特殊织物（查阅按字母顺序排列的商品分类表）；\r\n-医用电热毯（第十类）和非医用电热毯（第十一类）；\r\n-纸制桌布和餐巾（第十六类）；\r\n-马用罩布（第十八类）。','A',0,'2019-03-11 15:24:18',1,'2019-03-11 15:24:18',1),(25,'25','第二十五类','025','服装鞋帽','服装、鞋、帽','本类尤其不包括：\r\n-某些特殊用途的服装和鞋（查阅按字母顺序排列的商品分类表）。','A',0,'2019-03-11 15:24:58',1,'2019-03-11 15:24:58',1),(26,'26','第二十六类','026','钮扣拉链','花边及刺绣、饰带及编带，钮扣、领钩扣、饰针及缝针、假花','第二十六类主要包括缝纫用品。\r\n本类尤其包括：\r\n-拉链。\r\n本类尤其不包括：\r\n-某些特种小钩（查阅按字母顺序排列的商品分类表）；\r\n-某些特种针（查阅按字母顺序排列的商品分类表）；\r\n-纺织用纱和线（第二十三类）。','A',0,'2019-03-11 15:26:06',1,'2019-03-11 15:26:06',1),(27,'27','第二十七类','027','地毯席垫','地毯、地席、席类、油毡及其他铺地板用品，非纺织品墙帷','第二十七类主要包括铺在已建成的地板和墙壁上的制品。\r\n本类尤其不包括：\r\n-木地板（第十九类）。','A',0,'2019-03-11 15:26:54',1,'2019-03-11 15:26:54',1),(28,'28','第二十八类','028','玩具健身','娱乐品、玩具，不属别类的体育及运动用品、圣诞树用装饰品','第二十八类尤其包括：\r\n-与外接显示屏或监视器连用的娱乐和游戏装置；\r\n-钓鱼用具；\r\n—各种运动和游戏设备。\r\n本类尤其不包括：\r\n-圣诞树用的蜡烛（第四类）；\r\n-潜水装备（第九类）；\r\n-圣诞树用的电灯（花彩式的）（第十一类）；\r\n-渔网（第二十二类）；\r\n-体育和运动用服装（第二十五类）；\r\n-圣诞树装饰用糖果和巧克力（第三十类）。','A',0,'2019-03-11 15:28:05',1,'2019-04-03 14:24:01',1),(29,'29','第二十九类','029','肉类食品','肉、鱼、家禽及野味、肉汁、腌渍、干制及煮熟的水果和蔬菜、果冻、果酱、蜜饯、蛋、奶及乳制品、食用油和油脂','第二十九类主要包括动物类食品，以及日用或贮藏用的蔬菜及其他可食用的园艺产品。\r\n本类尤其包括：\r\n-奶饮料（以奶为主）。\r\n本类尤其不包括：\r\n-某些植物类食品（查阅按字母顺序排列的商品分类表）；\r\n-婴儿食品（第五类）；\r\n-医用营养食物和物质（第五类）；\r\n-膳食补充剂（第五类）；\r\n-色拉调味品（第三十类）。\r\n-待孵蛋（第三十一类）；\r\n-动物饲料（第三十一类）；\r\n-活的动物（第三十一类）。','A',0,'2019-03-11 15:29:17',1,'2019-03-11 15:29:17',1),(30,'30','第三十类','030','方便食品','咖啡、茶、可可、糖、米、食用淀粉、西米、咖啡代用品、面粉及谷类制品、面包、糕点及糖果、冰制食品、蜂蜜、糖浆、鲜酵母、发酵粉、食盐、芥末、醋、沙司（调味品）、调味用香料、饮用冰','第三十类主要包括日用或贮藏用的植物类食品，以及调味佐料。\r\n本类尤其包括：\r\n-以咖啡、可可、巧克力或茶为主的饮料；\r\n-人类食用谷物（如燕麦片或其他谷物）。\r\n本类尤其不包括：\r\n-某些植物类食品（查阅按字母顺序排列的商品分类表）；\r\n-非食用防腐盐（第一类）；\r\n-药茶和医用营养食物和物质（第五类）；\r\n-婴儿食品（第五类）；\r\n-膳食补充剂（第五类）；\r\n-未加工的谷物（第三十一类）；\r\n-动物饲料（第三十一类）。','A',0,'2019-03-11 15:30:32',1,'2019-03-11 15:30:32',1),(31,'31','第三十一类','031','饲料种籽','农业、园艺、林业产品及不属别类的谷物、牲畜、新鲜水果和蔬菜、种籽、草木及花卉、动物饲料、麦芽','第三十一类主要包括日用的未经制作的田地产物，活动物及植物，以及动物饲料。\r\n本类尤其包括：\r\n-未加工的木材；\r\n-未加工的谷物；\r\n-待孵蛋；\r\n-软体动物和贝壳类动物（活的）。\r\n本类尤其不包括：\r\n-微生物培养物和医用水蛭（第五类）；\r\n-动物用膳食补充剂（第五类）；\r\n-半成品木材（第十九类）；\r\n-人造鱼饵（第二十八类）；\r\n-米（第三十类）；\r\n-烟草（第三十四类）。','A',0,'2019-03-11 15:31:23',1,'2019-03-11 15:31:23',1),(32,'32','第三十二类','032','啤酒饮料','啤酒、矿泉水和汽水以及其他不含酒精的饮料、水果饮料及果汁、糖浆及其他供饮料用的制剂','第三十二类主要包括不含酒精的饮料及啤酒。\r\n本类尤其包括：\r\n-无酒精饮料。\r\n本类尤其不包括：\r\n-医用饮料（第五类）；\r\n-奶饮料（以奶为主）（第二十九类）；\r\n-以咖啡、可可、巧克力或茶为主的饮料（第三十类）。','A',0,'2019-03-11 15:33:25',1,'2019-03-11 15:33:25',1),(33,'33','第三十三类','033','含酒精酒','含酒精的饮料（啤酒除外）','本类尤其不包括：\r\n-医用饮料（第五类）；\r\n-无酒精饮料（第三十二类）。','A',0,'2019-03-11 15:35:17',1,'2019-03-11 15:35:17',1),(34,'34','第三十四类','034','烟草烟具','烟草、烟具、火柴','本类尤其包括：\r\n-烟草代用品（非医用的）。\r\n本类尤其不包括：\r\n-不含烟草的医用卷烟（第五类）。','A',0,'2019-03-11 15:36:25',1,'2019-03-11 15:36:25',1),(35,'35','第三十五类','035','广告销售','广告、实业经营、实业管理、办公事务','第三十五类主要包括由个人或组织提供的服务，其主要目的在于： ⑴对商业企业的经营或管理进行帮助； ⑵对工商企业的业务活动或者商业职能的管理进行帮助； 以及由广告部门为各种商品或服务提供的服务，旨在通过各种传播方式向公众进行广告宣传。\r\n本类尤其包括：\r\n-为他人将各种商品（运输除外）归类，以便顾客看到和购买；这种服务可由零售、批发商店通过邮购目录或电子媒介提供，例如通过网站或电视购物节目；\r\n-有关注册、抄录、写作、编篡、或者书面通讯及记录系统化，以及编篡数学或者统计资料的服务；\r\n-广告单位的服务，以及直接或邮寄散发说明书或者样品的服务；本类可涉及有关其他服务的广告，如银行借贷或无线电广告服务。\r\n本类尤其不包括：\r\n-与工商企业的经营或者管理无直接关系的估价和编写工程师报告的服务（查阅按字母顺序排列的服务分类表）。','A',0,'2019-03-11 15:37:11',1,'2019-03-11 15:37:11',1),(36,'36','第三十六类','036','金融物管','保险、金融、货币事务、不动产事务','第三十六类主要包括金融业务和货币业务提供的服务以及与各种保险契约有关的服务。\r\n本类尤其包括：\r\n-与金融业务和货币业务有关的服务，即： ⑴银行及其有关的机构的服务，如外汇经纪人或清算机构； ⑵不属于银行的信贷部门的服务，如信贷合作社团、私人金融公司、放款人等的服务； ⑶控股公司的“投资信托”服务； ⑷股票及财产经纪人的服务； ⑸与承受信用代理人担保的货币业务有关的服务； ⑹与发行旅行支票和信用证有关的服务；\r\n-融资租赁服务；\r\n-不动产管理人对建筑物的服务，如租赁、估价或筹措资金的服务；\r\n-与保险有关的服务，如保险代理人或经纪人提供的服务，为被保险人和承保人提供的服务。','A',0,'2019-03-11 15:38:27',1,'2019-03-11 15:38:27',1),(37,'37','第三十七类','037','建筑修理','房屋建筑、修理、安装服务','第三十七类主要包括建造永久性建筑的承包商或分包商所提供的服务，以及由个人或组织为修复建筑物或保持原样而不改变其物理或化学特征的服务。\r\n本类尤其包括：\r\n-建筑房屋、道路、桥梁、堤坝或通讯线路的服务，以及建筑行业其他专项服务，如油漆粉刷、管道铺设、安装暖气或盖屋顶；\r\n-为建筑服务的辅助性服务，如建筑计划的检查；\r\n-造船服务；\r\n-租赁建筑工具或材料的服务；\r\n-修理服务，即修复已磨损、损坏或部分破坏的任何东西（修复房屋或将其他残缺之物修复原样）；\r\n-各种修理服务，如修理电器、家具、器械和工具等；\r\n-维修服务，旨在使物品保持原样而不改变其任何属性（有关本类与第四十类的区别，请看第四十类的注释）。\r\n本类尤其不包括：\r\n-诸如服装或车辆之类商品的储存服务（第三十九类）；\r\n-与布料或服装印染有关的服务（第四十类）。','A',0,'2019-03-11 15:41:17',1,'2019-03-11 15:41:17',1),(38,'38','第三十八类','038','通讯服务','电信','第三十八类主要包括至少能使二人之间通过感觉方式进行通讯的服务。这类服务包括： ⑴能使一人与另一人进行交谈； ⑵将一人的消息传递给另一人； ⑶使一人与另一人进行口头或视觉的联系（无线电和电视）。\r\n本类尤其包括：\r\n-主要进行播放无线电或电视节目的服务。\r\n本类尤其不包括：\r\n-无线电广告服务（第三十五类）；\r\n-电话市场营销服务（第三十五类）。','A',0,'2019-03-11 15:42:04',1,'2019-03-11 15:42:04',1),(39,'39','第三十九类','039','运输贮藏','运输、商品包装和贮藏、旅行安排','第三十九类主要包括将人、动物或商品从一处运送到另一处（通过铁路、公路、水上、空中或管道）所提供的服务和与此有关的必要服务，以及货栈或者其他建筑物为便于看管、保存商品所提供贮藏的服务。\r\n本类尤其包括：\r\n-供运输者使用的由车站、桥梁、火车渡轮等公司提供的服务；\r\n-租赁运输车辆的服务；\r\n-与海上拖曳、卸货、港口和码头运转、营救遇险船只及其货物有关的服务；\r\n-发货前的包装和打包业务的服务；\r\n-经纪人及旅行社提供旅行或货运情况的服务以及提供价目、时刻或运送方式情况的服务；\r\n-运输前检查车辆或货物的服务。\r\n本类尤其不包括：\r\n-与运输企业广告有关的服务，如散发广告传单或无线电广告（第三十五类）；\r\n-由经纪人或旅行社提供的发行旅行支票或者信用证的服务（第三十六类）；\r\n-人或货物在运输过程中的（商业、火灾或生命）保险服务（第三十六类）；\r\n-维修车辆的服务，以及维修用于运输人或货物的运输工具的服务（第三十七类）；\r\n-由旅行社或经纪人提供的预定旅馆房间的服务（第四十三类）。','A',0,'2019-03-11 15:42:54',1,'2019-03-11 15:42:54',1),(40,'40','第四十类','040','材料加工','材料处理','第四十类主要包括没有列入其他类别的，对有机物质、无机物质或物品进行机械或者化学处理或者加工的服务。 按分类的要求，只有在为他人进行处理或加工的情况下，商标才视为服务标志。根据分类的同一要求，在某人将经过处理或加工的物质或物品进行交易的各种情况下，商标都被视为商品标志。\r\n本类尤其包括：\r\n-对物品或物质进行加工的服务，包括改变其主要特性的处理服务（如染服装）；按正常分类，维修服务应该列入第三十七类，但若是进行了这样的改变，即可列入第四十类（如汽车防冲击装置的镀铬处理）；\r\n-在物质生产或建筑物建造过程中的材料处理服务，如切割、加工成形，磨光或金属镀层方面的服务。\r\n本类尤其不包括：\r\n-修理服务（第三十七类）。','A',0,'2019-03-11 15:43:41',1,'2019-03-11 15:43:41',1),(41,'41','第四十一类','041','教育娱乐','教育、提供培训、娱乐、文体活动','第四十一类主要包括由个人或团体提供的人或动物智力开发方面的服务，以及用于娱乐或消遣时的服务。\r\n本类尤其包括：\r\n-有关人员教育或动物训练的各种形式的服务；\r\n-旨在人们娱乐、消遣或文娱活动的服务；\r\n-为文化和教育目的向公众展示可视艺术作品或文学作品。','A',0,'2019-03-11 15:45:06',1,'2019-03-11 15:45:06',1),(42,'42','第四十二类','042','科技编程','科学技术服务和与之相关的研究与设计服务；工业分析与研究；计算机硬件与软件的设计与开发；法律服务','第四十二类主要包括由人，个人或集体，提供的涉及复杂领域活动的理论和实践服务；这些服务由诸如化学家、物理学家、工程师、计算机程序员等专业人员提供。\r\n本类尤其包括：\r\n-由从事评估、估算以及从事科技领域研究与报告的工程师提供的服务；\r\n-为医务目的所做的科学研究服务。\r\n本类尤其不包括：\r\n-商业研究与开发（第三十五类）；\r\n-文字处理和计算机档案管理（第三十五类）；\r\n-金融与财政评估（第三十六类）；\r\n-采矿和石油开采（第三十七类）；\r\n-计算机（硬件）的安装与维修服务（第三十七类）；\r\n-由专业人员诸如医生、兽医和精神分析医生所提供的服务（第四十四类）；\r\n-医疗服务（第四十四类）；\r\n-花园设计（第四十四类）；\r\n-法律服务（第四十五类）。','A',0,'2019-03-11 15:46:23',1,'2019-03-11 15:46:23',1),(43,'43','第四十三类','043','餐饮住宿','提供食物和饮料服务、临时住宿','第四十三类主要包括由个人或机构为消费者提供食物和饮料的服务以及为使在宾馆、寄宿处或其他提供临时住宿的机构得到床位和寄宿所提供的服务。\r\n本类尤其包括：\r\n-为旅游者提供住宿预订服务，尤其是通过旅行社或经纪人提供的服务；\r\n-为动物提供膳食。\r\n本类尤其不包括：\r\n-提供永久使用的不动产，例如住房、公寓等的租赁服务（第三十六类）；\r\n-由旅行社提供的旅行服务（第三十九类）；\r\n-食物和饮料的防腐处理服务（第四十类）；\r\n-迪斯科舞厅服务（第四十一类）；\r\n-寄宿学校（第四十一类）；\r\n-疗养院（第四十四类）。','A',0,'2019-03-11 15:47:16',1,'2019-03-11 15:47:16',1),(44,'44','第四十四类','044','医疗园艺','医疗服务；兽医服务；人或动物的卫生和美容服务；农业、园艺或林业服务','第四十四类主要包括由个人或机构向人或动物提供的医疗、卫生和美容服务；它还包括与农业、园艺和林业领域相关的服务。\r\n本类尤其包括：\r\n-与治疗病人（例如Ｘ光检查和取血样）有关的医学分析；\r\n-人工授精服务；\r\n-医药咨询；\r\n-动物饲养；\r\n-与植物生长例如园艺有关的服务；\r\n-与植物艺术例如园艺设计和花卉构图有关的服务。\r\n本类尤其不包括：\r\n-灭害虫（为农业、园艺和林业目的除外）（第三十七类）；\r\n-灌溉系统的安装与维修服务（第三十七类）；\r\n-救护运输（第三十九类）；\r\n-动物屠宰及其标本制作（第四十类）；\r\n-树木砍伐和加工（第四十类）；\r\n-动物驯养（第四十一类）；\r\n-为体育锻炼目的而设的健康俱乐部（第四十一类）；\r\n-医学科学研究服务（第四十二类）；\r\n-为动物提供膳食（第四十三类）；\r\n-养老院（第四十三类）。','A',0,'2019-03-11 15:48:09',1,'2019-03-11 15:48:09',1),(45,'45','第四十五类','045','社会服务','由他人提供的为满足个人需要的私人和社会服务；为保护财产和人身安全的服务','本类尤其包括：\r\n-由律师为个人、组织、团体、企业提供的服务；\r\n-与个人或团体的安全相关的调查和监视服务；\r\n-为个人提供的与社会活动相关的服务，例如社交护送服务、婚姻介绍所、葬礼服务。\r\n本类尤其不包括：\r\n-为商业运作提供直接指导的专业服务（第三十五类）；\r\n-为处理与保险有关的金融或货币事务和服务有关的服务（第三十六类）；\r\n-护送旅客（第三十九类）；\r\n-安全运输（第三十九类）；\r\n-各种个人教育服务（第四十一类）；\r\n-歌唱演员和舞蹈演员的表演（第四十一类）；\r\n-为保护计算机软件所提供的计算机服务（第四十二类）；\r\n-由他人为人类和动物提供的医疗、卫生或美容服务（第四十四类）；\r\n-某些出租服务（查阅按字母顺序排列的服务分类表和一般性说明中有关服务分类的第2条）。','A',0,'2019-03-11 15:48:52',1,'2020-06-24 14:25:21',1);

/*Table structure for table `brand_small_type` */

DROP TABLE IF EXISTS `brand_small_type`;

CREATE TABLE `brand_small_type` (
  `id` bigint(20) NOT NULL AUTO_INCREMENT COMMENT '主键',
  `large_type_id` bigint(20) NOT NULL COMMENT '大类ID brand_large_type',
  `no` varchar(256) COLLATE utf8_unicode_ci DEFAULT NULL COMMENT '类别编号',
  `name` varchar(256) COLLATE utf8_unicode_ci DEFAULT NULL COMMENT '类别名',
  `record_status` char(1) CHARACTER SET utf8 NOT NULL COMMENT '是否已经失效',
  `update_count` int(11) NOT NULL COMMENT '记录更新次数',
  `create_date` datetime NOT NULL COMMENT '记录创建日期',
  `creator_id` bigint(20) DEFAULT NULL COMMENT '记录创建者ID',
  `update_date` datetime DEFAULT NULL COMMENT '更新日期',
  `updater_id` bigint(20) DEFAULT NULL COMMENT '更新者ID',
  PRIMARY KEY (`id`)
) ENGINE=InnoDB AUTO_INCREMENT=510 DEFAULT CHARSET=utf8 COLLATE=utf8_unicode_ci COMMENT='商标子类表';

/*Data for the table `brand_small_type` */

insert  into `brand_small_type`(`id`,`large_type_id`,`no`,`name`,`record_status`,`update_count`,`create_date`,`creator_id`,`update_date`,`updater_id`) values (1,1,'0101','工业气体，单质。','A',0,'2019-01-21 13:30:02',1,'2019-01-21 13:30:02',1),(2,1,'0102','用于工业、科学、农业、园艺、林业的工业化工原料','A',0,'2019-01-22 10:23:18',1,'2019-01-22 10:23:18',1),(3,1,'0103','放射性元素及其化学品','A',0,'2019-03-11 15:51:36',1,'2019-03-11 15:52:34',1),(4,1,'0104','用于工业、科学的化学品，化学制剂，不属于其他类别的产品用的化学制品','A',0,'2019-03-11 15:51:59',1,'2019-03-11 15:52:39',1),(5,1,'0105','用于农业、园艺、林业的化学品，化学制剂','A',0,'2019-03-11 15:52:28',1,'2019-03-11 15:52:28',1),(6,1,'0106','化学试剂','A',0,'2019-03-11 15:53:10',1,'2019-03-11 15:53:10',1),(7,1,'0107','摄影用化学用品及材料','A',0,'2019-03-11 15:53:40',1,'2019-03-11 15:53:40',1),(8,1,'0108','未加工的人造合成树脂，未加工塑料物质（不包括未加工的天然树脂）','A',0,'2019-03-11 15:53:51',1,'2019-03-11 15:53:51',1),(9,1,'0109','肥料','A',0,'2019-03-11 15:54:06',1,'2019-03-11 15:54:06',1),(10,1,'0110','灭火用合成物','A',0,'2019-03-11 15:54:18',1,'2019-03-11 15:54:18',1),(11,1,'0111','淬火用化学制剂','A',0,'2019-03-11 15:54:41',1,'2019-03-11 15:54:41',1),(12,1,'0112','焊接用化学制剂','A',0,'2019-03-11 15:54:56',1,'2019-03-11 15:54:56',1),(13,1,'0113','食品用化学品（不包括食品用防腐盐）','A',0,'2019-03-11 15:55:08',1,'2019-03-11 15:55:08',1),(14,1,'0114','鞣料及皮革用化学品','A',0,'2019-03-11 15:55:23',1,'2019-03-11 15:55:23',1),(15,1,'0115','工业用粘合剂和胶（不包括纸用粘合剂）','A',0,'2019-03-11 15:55:35',1,'2019-03-11 15:55:35',1),(16,1,'0116','纸浆','A',0,'2019-03-11 15:55:45',1,'2019-03-11 15:55:45',1),(17,2,'0201','染料，媒染剂（不包括食用）','A',0,'2019-03-11 15:56:06',1,'2019-03-11 15:56:06',1),(18,2,'0202','颜料（不包括食用、绝缘用），画家、装饰家、印刷商和艺术家用金属箔及金属粉','A',0,'2019-03-11 15:56:42',1,'2019-03-11 15:56:42',1),(19,2,'0203','食品着色剂','A',0,'2019-03-11 15:56:53',1,'2019-03-11 15:56:53',1),(20,2,'0204','油墨','A',0,'2019-03-11 15:57:08',1,'2019-03-11 15:57:08',1),(21,2,'0205','涂料，油漆及附料（不包括绝缘漆）','A',0,'2019-03-11 15:57:19',1,'2019-03-11 15:57:48',1),(22,2,'0206','防锈剂，木材防腐剂','A',0,'2019-03-11 15:57:33',1,'2019-03-11 15:57:33',1),(23,2,'0207','未加工的天然树脂','A',0,'2019-03-11 15:58:05',1,'2019-03-11 15:58:05',1),(24,3,'0301','肥皂，香皂及其他人用洗洁物品，洗衣用漂白剂及其他物料','A',0,'2019-03-11 16:03:12',1,'2019-03-11 16:03:12',1),(25,3,'0302','清洁、去渍用制剂','A',0,'2019-03-11 16:03:58',1,'2019-03-11 16:03:58',1),(26,3,'0303','抛光、擦亮制剂','A',0,'2019-03-11 16:04:10',1,'2019-03-11 16:04:10',1),(27,3,'0304','研磨用材料及其制剂','A',0,'2019-03-11 16:05:45',1,'2019-03-11 16:05:45',1),(28,3,'0305','香料，香精油','A',0,'2019-03-11 16:05:56',1,'2019-03-11 16:05:56',1),(29,3,'0306','化妆品（不包括动物用化妆品）','A',0,'2019-03-11 16:06:09',1,'2019-03-11 16:06:09',1),(30,3,'0307','牙膏，洗牙用制剂','A',0,'2019-03-11 16:06:33',1,'2019-03-11 16:06:33',1),(31,3,'0308','熏料','A',0,'2019-03-11 16:08:38',1,'2019-03-11 16:08:38',1),(32,3,'0309','动物用化妆品','A',0,'2019-03-11 16:10:09',1,'2019-03-11 16:10:09',1),(33,3,'0310','室内芳香剂','A',0,'2019-03-11 16:10:21',1,'2019-03-11 16:10:21',1),(34,4,'0401','工业用油及油脂,润滑油，润滑剂（不包括燃料用油）','A',0,'2019-03-11 16:11:39',1,'2019-03-11 16:11:39',1),(35,4,'0402','液体、气体燃料和照明燃料','A',0,'2019-03-11 16:11:56',1,'2019-03-11 16:11:56',1),(36,4,'0403','固体燃料','A',0,'2019-03-11 16:12:06',1,'2019-03-11 16:12:06',1),(37,4,'0404','工业用蜡','A',0,'2019-03-11 16:14:34',1,'2019-03-11 16:14:34',1),(38,4,'0405','照明用蜡烛和灯芯','A',0,'2019-03-11 16:14:45',1,'2019-03-11 16:14:45',1),(39,4,'0406','吸收、湿润和粘结灰尘用合成物','A',0,'2019-03-11 16:14:58',1,'2019-03-11 16:14:58',1),(40,4,'0407','能源','A',0,'2019-03-11 16:15:16',1,'2019-03-11 16:15:16',1),(41,5,'0501','药品，消毒剂，中药药材，药酒','A',0,'2019-03-11 16:20:24',1,'2019-03-11 16:20:24',1),(42,5,'0502','医用营养品，婴儿食品，人用膳食补充剂','A',0,'2019-03-11 16:22:46',1,'2019-03-11 16:22:46',1),(43,5,'0503','净化制剂','A',0,'2019-03-11 16:22:57',1,'2019-03-11 16:22:57',1),(44,5,'0504','兽药，动物用膳食补充剂','A',0,'2019-03-11 16:23:09',1,'2019-03-11 16:23:09',1),(45,5,'0505','杀虫剂，除莠剂，农药','A',0,'2019-03-11 16:23:20',1,'2019-03-11 16:23:20',1),(46,5,'0506','卫生用品，绷敷材料，医用保健袋','A',0,'2019-03-11 16:23:37',1,'2019-03-11 16:23:37',1),(47,5,'0507','填塞牙孔用料，牙科用蜡','A',0,'2019-03-11 16:25:32',1,'2019-03-11 16:25:32',1),(48,5,'0508','单一商品','I',0,'2019-03-11 16:25:43',1,'2019-03-11 16:25:43',1),(49,6,'0601','普通金属及其合金、板、各种型材（不包括焊接及铁路用金属材料）','A',0,'2019-03-11 16:26:50',1,'2019-03-11 16:26:50',1),(50,6,'0602','普通金属管及其配件','A',0,'2019-03-11 16:27:02',1,'2019-03-11 16:27:02',1),(51,6,'0603','金属建筑材料，可移动金属建筑物（不包括建筑小五金）','A',0,'2019-03-11 16:27:34',1,'2019-03-11 16:27:34',1),(52,6,'0604','铁路用金属材料','A',0,'2019-03-11 16:27:46',1,'2019-03-11 16:27:46',1),(53,6,'0605','非电气用缆索和金属线、网、带','A',0,'2019-03-11 16:27:57',1,'2019-03-11 16:27:57',1),(54,6,'0606','缆绳用非电气金属附件','A',0,'2019-03-11 16:28:09',1,'2019-03-11 16:28:09',1),(55,6,'0607','钉及准紧固件','A',0,'2019-03-11 16:29:48',1,'2019-03-11 16:29:48',1),(56,6,'0608','家具及门窗的金属附件','A',0,'2019-03-11 16:29:59',1,'2019-03-11 16:29:59',1),(57,6,'0609','日用五金器具','A',0,'2019-03-11 16:30:09',1,'2019-03-11 16:30:09',1),(58,6,'0610','非电子锁','A',0,'2019-03-11 16:30:20',1,'2019-03-11 16:30:20',1),(59,6,'0611','保险箱柜，金属柜','A',0,'2019-03-11 16:32:05',1,'2019-03-11 16:32:05',1),(60,6,'0612','金属器具，金属硬件（非机器零件）','A',0,'2019-03-11 16:32:59',1,'2019-03-11 16:32:59',1),(61,6,'0613','金属容器','A',0,'2019-03-11 16:33:09',1,'2019-03-11 16:33:09',1),(62,6,'0614','金属标牌','A',0,'2019-03-11 16:33:20',1,'2019-03-11 16:33:20',1),(63,6,'0615','动物用金属制品','A',0,'2019-03-11 16:33:32',1,'2019-03-11 16:33:32',1),(64,6,'0616','焊接用金属材料 （不包括塑料焊丝）','A',0,'2019-03-11 16:33:54',1,'2019-03-11 16:33:54',1),(65,6,'0617','锚，停船用金属浮动船坞，金属下锚桩','A',0,'2019-03-11 16:34:06',1,'2019-03-11 16:34:06',1),(66,6,'0618','手铐，金属制身份鉴别手环','A',0,'2019-03-11 16:34:18',1,'2019-03-11 16:34:18',1),(67,6,'0619','（测气象或风力的）金属风标','A',0,'2019-03-11 16:34:30',1,'2019-03-11 16:34:30',1),(68,6,'0620','金属植物保护器','A',0,'2019-03-11 16:34:40',1,'2019-03-11 16:34:40',1),(69,6,'0621','捕野兽陷阱','A',0,'2019-03-11 16:34:53',1,'2019-03-11 16:34:53',1),(70,6,'0622','普通金属艺术品，青铜（艺术品）','A',0,'2019-03-11 16:35:36',1,'2019-03-11 16:35:36',1),(71,6,'0623','矿石，矿砂','A',0,'2019-03-11 16:35:47',1,'2019-03-11 16:35:47',1),(72,6,'0624','金属棺（埋葬用），金属棺材扣件，棺材用金属器材','A',0,'2019-03-11 16:35:57',1,'2019-03-11 16:35:57',1),(73,7,'0701','农业用机械及部件（不包括小农具）','A',0,'2019-03-11 16:36:54',1,'2019-03-11 16:36:54',1),(74,7,'0702','渔牧业用机械及器具','A',0,'2019-03-11 16:37:06',1,'2019-03-11 16:37:06',1),(75,7,'0703','伐木、锯木、木材加工及火柴生产用机械及器具','A',0,'2019-03-11 16:37:22',1,'2019-03-11 16:37:22',1),(76,7,'0704','造纸及加工纸制品工业用机械及器具','A',0,'2019-03-11 16:38:19',1,'2019-03-11 16:38:19',1),(77,7,'0705','印刷工业用机械及器具','A',0,'2019-03-11 16:38:30',1,'2019-03-11 16:38:30',1),(78,7,'0706','纤维加工及纺织、针织工业用机械及部件','A',0,'2019-03-11 16:38:43',1,'2019-03-11 16:38:43',1),(79,7,'0707','印染工业用机械','A',0,'2019-03-11 16:50:55',1,'2019-03-11 16:50:55',1),(80,7,'0708','制茶工业用机械','A',0,'2019-03-11 16:51:07',1,'2019-03-11 16:51:07',1),(81,7,'0709','食品业用机械及部件','A',0,'2019-03-11 16:51:35',1,'2019-03-11 16:51:35',1),(82,7,'0710','酿造、饮料工业用机械','A',0,'2019-03-11 16:51:46',1,'2019-03-11 16:51:46',1),(83,7,'0711','烟草工业用机械','A',0,'2019-03-11 16:51:59',1,'2019-03-11 16:51:59',1),(84,7,'0712','皮革工业用机械','A',0,'2019-03-11 16:52:09',1,'2019-03-11 16:52:09',1),(85,7,'0713','缝纫、制鞋工业用机械','A',0,'2019-03-11 16:52:20',1,'2019-03-11 16:52:20',1),(86,7,'0714','自行车工业用设备','A',0,'2019-03-11 16:52:35',1,'2019-03-11 16:52:35',1),(87,7,'0715','陶瓷、砖、瓦制造机械','A',0,'2019-03-11 16:52:46',1,'2019-03-11 16:52:46',1),(88,7,'0716','工业用雕刻、打标机械','A',0,'2019-03-11 16:52:57',1,'2019-03-11 16:52:57',1),(89,7,'0717','制电池机械','A',0,'2019-03-11 16:53:08',1,'2019-03-11 16:53:08',1),(90,7,'0718','日用杂品加工机械','A',0,'2019-03-11 16:53:19',1,'2019-03-11 16:53:19',1),(91,7,'0719','制搪瓷机械','A',0,'2019-03-11 16:53:30',1,'2019-03-11 16:53:30',1),(92,7,'0720','制灯泡机械','A',0,'2019-03-11 16:53:41',1,'2019-03-11 16:53:41',1),(93,7,'0721','包装机械（不包括成套设备专用包装机械）','A',0,'2019-03-11 16:54:22',1,'2019-03-11 16:54:22',1),(94,7,'0722','民用煤加工机械','A',0,'2019-03-11 16:54:32',1,'2019-03-11 16:54:32',1),(95,7,'0723','厨房家用器具（不包括烹调、电气加热设备及厨房手工具）','A',0,'2019-03-11 16:54:43',1,'2019-03-11 16:54:43',1),(96,7,'0724','洗衣机','A',0,'2019-03-11 16:55:43',1,'2019-03-11 16:55:43',1),(97,7,'0725','制药工业用机械及部件','A',0,'2019-03-11 16:55:54',1,'2019-03-11 16:55:54',1),(98,7,'0726','橡胶、塑料工机械','A',0,'2019-03-11 16:56:04',1,'2019-03-11 16:56:04',1),(99,7,'0727','玻璃工业用机械','A',0,'2019-03-11 16:56:15',1,'2019-03-11 16:56:15',1),(100,7,'0728','化肥设备','A',0,'2019-03-11 16:56:27',1,'2019-03-11 16:56:27',1),(101,7,'0729','其他化学工业用机械','A',0,'2019-03-11 16:56:38',1,'2019-03-11 16:56:38',1),(102,7,'0730','地质勘探、采矿、选矿用机械','A',0,'2019-03-11 16:56:51',1,'2019-03-11 16:56:51',1),(103,7,'0731','冶炼工业用设备','A',0,'2019-03-11 16:57:02',1,'2019-03-11 16:57:02',1),(104,7,'0732','石油开采、精炼工业用设备','A',0,'2019-03-11 16:57:14',1,'2019-03-11 16:57:14',1),(105,7,'0733','建筑、铁道、土木工程用机械','A',0,'2019-03-11 16:57:26',1,'2019-03-11 16:57:26',1),(106,7,'0734','起重运输机械','A',0,'2019-03-11 16:57:37',1,'2019-03-11 16:57:37',1),(107,7,'0735','锻压设备','A',0,'2019-03-11 16:57:47',1,'2019-03-11 16:57:47',1),(108,7,'0736','铸造机械','A',0,'2019-03-11 16:58:29',1,'2019-03-11 16:58:29',1),(109,7,'0737','蒸汽动力设备','A',0,'2019-03-11 16:58:39',1,'2019-03-11 16:58:39',1),(120,7,'0738','内燃动力设备','A',0,'2019-03-11 17:03:05',1,'2019-03-11 17:03:05',1),(121,7,'0739','风力、水力动力设备','A',0,'2019-03-11 17:05:38',1,'2019-03-11 17:05:38',1),(122,7,'0740','制办公用针钉机械','A',0,'2019-03-11 17:05:49',1,'2019-03-11 17:05:49',1),(123,7,'0741','制钮扣拉链机械','A',0,'2019-03-11 17:06:07',1,'2019-03-11 17:06:07',1),(124,7,'0742','金属切削机床，切削工具和其他金属加工机械','A',0,'2019-03-11 17:06:21',1,'2019-03-11 17:06:21',1),(125,7,'0743','非手动的手持工具','A',0,'2019-03-11 17:06:34',1,'2019-03-11 17:06:34',1),(126,7,'0744','静电、电子工业用设备','A',0,'2019-03-11 17:06:47',1,'2019-03-11 17:06:47',1),(127,7,'0745','光学工业用设备','A',0,'2019-03-11 17:07:04',1,'2019-03-11 17:07:04',1),(128,7,'0746','气体分离设备','A',0,'2019-03-11 17:07:21',1,'2019-03-11 17:07:21',1),(129,7,'0747','喷漆机具','A',0,'2019-03-11 17:07:31',1,'2019-03-11 17:07:31',1),(130,7,'0748','发电机、非陆地车辆用马达和引擎及其零部件','A',0,'2019-03-11 17:07:45',1,'2019-03-11 17:07:45',1),(131,7,'0749','泵，气体压缩机，风机，阀，液压元件，气动元件','A',0,'2019-03-11 17:07:58',1,'2019-03-11 17:07:58',1),(132,7,'0750','机器传动用联轴节，传动带及其他机器零部件','A',0,'2019-03-11 17:08:18',1,'2019-03-11 17:08:18',1),(133,7,'0751','焊接机械','A',0,'2019-03-11 17:08:36',1,'2019-03-11 17:08:36',1),(134,7,'0752','清洁、废物处理机械','A',0,'2019-03-11 17:08:47',1,'2019-03-11 17:08:47',1),(135,7,'0753','单一商品','A',0,'2019-03-11 17:08:58',1,'2019-03-11 17:08:58',1),(136,7,'0754','电镀设备','A',0,'2019-03-11 17:09:10',1,'2019-03-11 17:09:10',1),(137,8,'0801','手动研磨器具','A',0,'2019-03-11 17:11:25',1,'2019-03-11 17:11:25',1),(138,8,'0802','小农具（不包括农业、园艺用剪刀）','A',0,'2019-03-11 17:13:19',1,'2019-03-11 17:13:19',1),(139,8,'0803','林业、园艺用手工具','A',0,'2019-03-11 17:13:32',1,'2019-03-11 17:13:32',1),(140,8,'0804','畜牧业用手工具','A',0,'2019-03-11 17:14:16',1,'2019-03-11 17:14:16',1),(141,8,'0805','渔业用手工具','A',0,'2019-03-11 17:14:27',1,'2019-03-11 17:14:27',1),(142,8,'0806','理发工具，修指甲刀','A',0,'2019-03-11 17:14:40',1,'2019-03-11 17:14:40',1),(143,8,'0807','非动力手工具（不包括刀、剪）','A',0,'2019-03-11 17:14:53',1,'2019-03-11 17:14:53',1),(144,8,'0808','非动力手工器具','A',0,'2019-03-11 17:15:05',1,'2019-03-11 17:15:05',1),(145,8,'0809','专业用手工具','A',0,'2019-03-11 17:15:18',1,'2019-03-11 17:15:18',1),(146,8,'0810','刀剪（不包括机械刀片，文具刀）','A',0,'2019-03-11 17:15:30',1,'2019-03-11 17:15:30',1),(147,8,'0811','除火器外的随身武器','A',0,'2019-03-11 17:15:43',1,'2019-03-11 17:15:43',1),(148,8,'0812','餐具刀、叉、匙','A',0,'2019-03-11 17:15:56',1,'2019-03-11 17:15:56',1),(149,9,'0901','电子计算机及其外部设备','A',0,'2019-03-11 17:17:33',1,'2019-03-11 17:17:33',1),(150,9,'0902','记录、计数检测器','A',0,'2019-03-11 17:17:45',1,'2019-03-11 17:17:45',1),(151,9,'0903','其他办公用机械（不包括打字机、誊写机、油印机）','A',0,'2019-03-11 17:17:58',1,'2019-03-11 17:17:58',1),(152,9,'0904','衡器','A',0,'2019-03-11 17:18:10',1,'2019-03-11 17:18:10',1),(153,9,'0905','量具','A',0,'2019-03-11 17:18:23',1,'2019-03-11 17:18:23',1),(154,9,'0906','信号器具','A',0,'2019-03-11 17:20:02',1,'2019-03-11 17:20:02',1),(155,9,'0907','通讯导航设备','A',0,'2019-03-11 17:20:18',1,'2019-03-11 17:20:18',1),(156,9,'0908','音像设备','A',0,'2019-03-11 17:20:30',1,'2019-03-11 17:20:30',1),(157,9,'0909','摄影、电影用具及仪器','A',0,'2019-03-11 17:22:04',1,'2019-03-11 17:22:04',1),(158,9,'0910','测量仪器仪表，实验室用器具，电测量仪器，科学仪器','A',0,'2019-03-11 17:22:19',1,'2019-03-11 17:22:19',1),(159,9,'0911','光学仪器','A',0,'2019-03-11 17:22:31',1,'2019-03-11 17:22:31',1),(160,9,'0912','光电传输材料','A',0,'2019-03-11 17:22:43',1,'2019-03-11 17:22:43',1),(161,9,'0913','电器用晶体及碳素材料，电子、电气通用元件','A',0,'2019-03-11 17:23:01',1,'2019-03-11 17:23:01',1),(162,9,'0914','电器成套设备及控制装置','A',0,'2019-03-11 17:23:15',1,'2019-03-11 17:23:15',1),(163,9,'0915','电解装置','A',0,'2019-03-11 17:23:27',1,'2019-03-11 17:23:27',1),(164,9,'0916','灭火器具','A',0,'2019-03-11 17:23:38',1,'2019-03-11 17:23:38',1),(165,9,'0917','电弧切割、焊接设备及器具(2015版已无此类)','A',0,'2019-03-11 17:24:10',1,'2019-03-21 17:27:51',1),(166,9,'0918','工业用X光机械设备','A',0,'2019-03-11 17:24:23',1,'2019-03-11 17:24:23',1),(167,9,'0919','安全救护器具','A',0,'2019-03-11 17:24:34',1,'2019-03-11 17:24:34',1),(168,9,'0920','警报装置电铃','A',0,'2019-03-11 17:24:46',1,'2019-03-11 17:24:46',1),(169,9,'0921','眼镜及附件','A',0,'2019-03-11 17:24:57',1,'2019-03-11 17:24:57',1),(170,9,'0922','电池，充电器','A',0,'2019-03-11 17:25:09',1,'2019-03-11 17:25:09',1),(171,9,'0923','电影片，已曝光材料','A',0,'2019-03-11 17:25:22',1,'2019-03-11 17:25:22',1),(172,9,'0924','其他','A',0,'2019-03-11 17:25:33',1,'2019-03-11 17:25:33',1),(173,10,'1001','外科、医疗和兽医用仪器、器械、设备（不包括电子、核子、电疗、医疗用X光设备、器械及仪器）','A',0,'2019-03-11 17:37:04',1,'2019-03-11 17:37:04',1),(174,10,'1002','牙科设备及器具','A',0,'2019-03-11 17:37:17',1,'2019-03-11 17:37:17',1),(175,10,'1003','医疗用电子、核子、电疗和X光设备','A',0,'2019-03-11 17:38:40',1,'2019-03-11 17:38:40',1),(176,10,'1004','医疗用辅助器具、设备和用品','A',0,'2019-03-11 17:38:54',1,'2019-03-11 17:38:54',1),(177,10,'1005','奶嘴，奶瓶','A',0,'2019-03-11 17:39:18',1,'2019-03-11 17:39:18',1),(178,10,'1006','性用品','A',0,'2019-03-11 17:39:32',1,'2019-03-11 17:39:32',1),(179,10,'1007','假肢，假发和假器官','A',0,'2019-03-11 17:40:09',1,'2019-03-11 17:40:09',1),(180,10,'1008','矫形、矫正用品','A',0,'2019-03-11 17:40:19',1,'2019-03-11 17:40:19',1),(181,10,'1009','缝合用材料','A',0,'2019-03-11 17:40:31',1,'2019-03-11 17:40:31',1),(182,11,'1101','照明用设备、器具（不包括汽灯，油灯）','A',0,'2019-03-11 17:46:31',1,'2019-03-11 17:46:31',1),(183,11,'1102','喷焊灯','A',0,'2019-03-11 17:46:46',1,'2019-03-11 17:46:46',1),(184,11,'1103','汽灯，油灯','A',0,'2019-03-11 17:47:04',1,'2019-03-11 17:47:04',1),(185,11,'1104','烹调及民用电气加热设备（不包括厨房用手工用具,食品加工机器）','A',0,'2019-03-11 17:48:27',1,'2019-03-11 17:48:27',1),(186,11,'1105','制冷、冷藏设备（不包括冷藏车）','A',0,'2019-03-11 17:48:49',1,'2019-03-11 17:48:49',1),(187,11,'1106','干燥、通风、空调设备（包括冷暖房设备）','A',0,'2019-03-11 17:49:07',1,'2019-03-11 17:49:07',1),(188,11,'1107','加温、蒸汽设备（包括工业用炉，锅炉，不包括机车锅炉，锅驼机锅炉，蒸汽机锅炉）','A',0,'2019-03-11 17:49:21',1,'2019-03-11 17:49:21',1),(189,11,'1108','水暖管件','A',0,'2019-03-11 17:49:36',1,'2019-03-11 17:49:36',1),(190,11,'1109','卫生设备（不包括盥洗室用具）','A',0,'2019-03-11 17:49:50',1,'2019-03-11 17:49:50',1),(191,11,'1110','消毒和净化设备','A',0,'2019-03-11 17:50:01',1,'2019-03-11 17:50:01',1),(192,11,'1111','小型取暖器','A',0,'2019-03-11 17:50:12',1,'2019-03-11 17:50:12',1),(193,11,'1112','不属别类的打火器具','A',0,'2019-03-11 17:50:24',1,'2019-03-11 17:50:24',1),(194,11,'1113','核能反应设备','A',0,'2019-03-11 17:50:41',1,'2019-03-11 17:50:41',1),(195,12,'1201','火车及其零部件','A',0,'2019-03-11 17:54:10',1,'2019-03-11 17:54:10',1),(196,12,'1202','汽车、电车、摩托车及其零部件（不包括轮胎）','A',0,'2019-03-11 17:54:24',1,'2019-03-11 17:54:24',1),(197,12,'1203','摩托车及其零部件（不包括轮胎）','A',0,'2019-03-11 17:54:39',1,'2019-03-11 17:54:39',1),(198,12,'1204','自行车、三轮车及其零部件（不包括轮胎）','A',0,'2019-03-11 17:55:03',1,'2019-03-11 17:55:03',1),(199,12,'1205','缆车，架空运输设备','A',0,'2019-03-11 17:55:19',1,'2019-03-11 17:55:19',1),(200,12,'1206','轮椅，手推车，儿童推车','A',0,'2019-03-11 17:55:32',1,'2019-03-11 17:55:32',1),(201,12,'1207','畜力车辆','A',0,'2019-03-11 17:55:53',1,'2019-03-11 17:55:53',1),(202,12,'1208','轮胎及轮胎修理工具','A',0,'2019-03-11 17:56:05',1,'2019-03-11 17:56:05',1),(203,12,'1209','空用运载器（不包括飞机轮胎）','A',0,'2019-03-11 17:56:25',1,'2019-03-11 17:57:26',1),(204,12,'1210','水用运载器','A',0,'2019-03-11 17:56:42',1,'2019-03-11 17:56:42',1),(205,12,'1211','运载工具零部件','A',0,'2019-03-11 17:57:01',1,'2019-03-11 17:57:01',1),(206,13,'1301','火器，军火及子弹','A',0,'2019-03-11 18:06:13',1,'2019-03-11 18:06:13',1),(207,13,'1302','爆炸物','A',0,'2019-03-11 18:06:27',1,'2019-03-11 18:06:27',1),(208,13,'1303','烟火，爆竹','A',0,'2019-03-11 18:06:42',1,'2019-03-11 18:06:42',1),(209,13,'1304','个人防护用喷雾','A',0,'2019-03-11 18:06:56',1,'2019-03-11 18:06:56',1),(210,14,'1401','贵重金属及其合金','A',0,'2019-03-11 18:14:40',1,'2019-03-11 18:14:40',1),(211,14,'1402','贵重金属盒','A',0,'2019-03-11 18:14:52',1,'2019-03-11 18:14:52',1),(212,14,'1403','珠宝，首饰，宝石及贵重金属制纪念品','A',0,'2019-03-11 18:15:13',1,'2019-03-11 18:15:13',1),(213,14,'1404','钟，表，计时器及其零部件','A',0,'2019-03-11 18:15:31',1,'2019-03-11 18:15:31',1),(214,15,'1501','乐器','A',0,'2019-03-11 18:15:55',1,'2019-03-11 18:15:55',1),(215,15,'1502','乐器辅助用品及配件','A',0,'2019-03-11 18:16:09',1,'2019-03-11 18:16:09',1),(216,16,'1601','工业用纸','A',0,'2019-03-11 18:18:45',1,'2019-03-11 18:18:45',1),(217,16,'1602','技术用纸（不包括绝缘纸）','A',0,'2019-03-11 18:18:58',1,'2019-03-11 18:18:58',1),(218,16,'1603','生活用纸','A',0,'2019-03-11 18:19:09',1,'2019-03-11 18:19:09',1),(219,16,'1604','纸板','A',0,'2019-03-11 18:19:21',1,'2019-03-11 18:19:21',1),(220,16,'1605','办公、日用纸制品','A',0,'2019-03-11 18:19:40',1,'2019-03-11 18:20:39',1),(221,16,'1606','印刷出版物','A',0,'2019-03-11 18:19:55',1,'2019-03-11 18:19:55',1),(222,16,'1607','照片，图片，图画','A',0,'2019-03-11 18:20:10',1,'2019-03-11 18:20:10',1),(223,16,'1608','纸牌，扑克牌','A',0,'2019-03-11 18:20:24',1,'2019-03-11 18:20:24',1),(224,16,'1609','纸及不属别类的塑料包装物品','A',0,'2019-03-11 18:21:53',1,'2019-03-11 18:21:53',1),(225,16,'1610','办公装订，切削用具','A',0,'2019-03-11 18:22:16',1,'2019-03-11 18:22:16',1),(226,16,'1611','办公文具（不包括笔，墨，印，胶水）','A',0,'2019-03-11 18:22:33',1,'2019-03-11 18:22:33',1),(227,16,'1612','墨，砚','A',0,'2019-03-11 18:22:45',1,'2019-03-11 18:22:45',1),(228,16,'1613','印章，印油','A',0,'2019-03-11 18:22:57',1,'2019-03-11 18:22:57',1),(229,16,'1614','笔','A',0,'2019-03-11 18:23:09',1,'2019-03-11 18:23:09',1),(230,16,'1615','办公或家庭用胶带或粘合剂','A',0,'2019-03-11 18:23:24',1,'2019-03-11 18:23:24',1),(231,16,'1616','办公室用绘图仪器，绘画仪器','A',0,'2019-03-11 18:23:49',1,'2019-03-11 18:23:49',1),(232,16,'1617','绘画用具（不包括绘图仪器，笔）','A',0,'2019-03-11 18:24:10',1,'2019-03-11 18:24:10',1),(233,16,'1618','打字机、誊写机、油印机及其附件（包括印刷铅字、印版）','A',0,'2019-03-11 18:24:52',1,'2019-03-11 18:24:52',1),(234,16,'1619','教学用具（不包括教学实验用仪器）','A',0,'2019-03-11 18:25:15',1,'2019-03-11 18:25:15',1),(235,16,'1620','室内模型物（不包括教学用模型标本）','A',0,'2019-03-11 18:25:36',1,'2019-03-11 18:25:36',1),(236,16,'1621','单一商品','A',0,'2019-03-11 18:25:51',1,'2019-03-11 18:25:51',1),(237,17,'1701','不属别类的橡胶，古塔胶，树胶','A',0,'2019-03-11 18:27:05',1,'2019-03-11 18:27:05',1),(238,17,'1702','非金属密封减震制品','A',0,'2019-03-11 18:27:18',1,'2019-03-11 18:27:18',1),(239,17,'1703','橡胶，树脂，纤维制品','A',0,'2019-03-11 18:27:30',1,'2019-03-11 18:27:30',1),(240,17,'1704','软管','A',0,'2019-03-11 18:27:43',1,'2019-03-11 18:27:43',1),(241,17,'1705','保温、隔热、隔音材料','A',0,'2019-03-11 18:27:57',1,'2019-03-11 18:27:57',1),(242,17,'1706','绝缘用材料及其制品','A',0,'2019-03-11 18:28:10',1,'2019-03-11 18:28:10',1),(243,17,'1707','包装，填充用材料（包括橡胶，塑料制品）','A',0,'2019-03-11 18:28:28',1,'2019-03-11 18:28:28',1),(245,17,'1708','单一产品','A',0,'2019-03-11 18:29:09',1,'2019-03-11 18:29:09',1),(246,18,'1801','皮革和人造皮革，裘皮','A',0,'2019-03-12 09:40:51',1,'2019-03-12 09:40:51',1),(247,18,'1802','不属别类的皮革、人造皮革制品，箱子及旅行袋，日用革制品','A',0,'2019-03-12 09:41:15',1,'2019-03-12 09:41:15',1),(248,18,'1803','裘皮','A',0,'2019-03-12 09:41:32',1,'2019-03-12 09:41:32',1),(249,18,'1804','雨伞及其部件','A',0,'2019-03-12 09:41:51',1,'2019-03-12 09:41:51',1),(250,18,'1805','手杖','A',0,'2019-03-12 09:49:03',1,'2019-03-12 09:49:03',1),(251,18,'1806','动物用具','A',0,'2019-03-12 09:49:15',1,'2019-03-12 09:49:15',1),(252,18,'1807','肠衣','A',0,'2019-03-12 09:49:28',1,'2019-03-12 09:49:28',1),(253,19,'1901','半成品木材','A',0,'2019-03-12 09:50:10',1,'2019-03-12 09:50:10',1),(254,19,'1902','土、沙、石、石料、灰泥、炉渣等建筑用料','A',0,'2019-03-12 09:50:36',1,'2019-03-12 09:50:36',1),(255,19,'1903','石膏','A',0,'2019-03-12 09:50:48',1,'2019-03-12 09:50:48',1),(256,19,'1904','水泥','A',0,'2019-03-12 09:51:00',1,'2019-03-12 09:51:00',1),(257,19,'1905','水泥预制构件','A',0,'2019-03-12 09:51:15',1,'2019-03-12 09:51:15',1),(258,19,'1906','建筑砖瓦','A',0,'2019-03-12 09:52:27',1,'2019-03-12 09:52:27',1),(259,19,'1907','非金属耐火材料及制品','A',0,'2019-03-12 09:52:39',1,'2019-03-12 09:52:39',1),(260,19,'1908','柏油、沥青及制品','A',0,'2019-03-12 09:52:55',1,'2019-03-12 09:52:55',1),(261,19,'1909','非金属建筑材料及构件（不包括水泥预制构件）','A',0,'2019-03-12 09:53:19',1,'2019-03-12 09:53:19',1),(262,19,'1910','非金属建筑物','A',0,'2019-03-12 09:53:34',1,'2019-03-12 09:53:34',1),(263,19,'1911','建筑用玻璃及玻璃材料','A',0,'2019-03-12 09:53:55',1,'2019-03-12 09:53:55',1),(264,19,'1912','建筑用涂料','A',0,'2019-03-12 09:54:08',1,'2019-03-12 09:54:08',1),(265,19,'1913','建筑用粘合料','A',0,'2019-03-12 09:54:20',1,'2019-03-12 09:54:20',1),(266,19,'1914','石、混凝土、大理石雕塑品','A',0,'2019-03-12 09:55:06',1,'2019-03-12 09:55:06',1),(267,19,'1915','棺椁墓碑','A',0,'2019-03-12 09:56:02',1,'2019-03-12 09:56:02',1),(268,20,'2001','家具','A',0,'2019-03-12 09:57:41',1,'2019-03-12 09:57:41',1),(269,20,'2002','非金属容器及附件','A',0,'2019-03-12 09:57:54',1,'2019-03-12 09:57:54',1),(270,20,'2003','非金属的工业、建筑配件','A',0,'2019-03-12 09:58:08',1,'2019-03-12 09:58:08',1),(271,20,'2004','镜子、画框及部件','A',0,'2019-03-12 09:58:21',1,'2019-03-12 09:58:21',1),(272,20,'2005','不属别类的竹、藤、棕、草制品','A',0,'2019-03-12 09:58:37',1,'2019-03-12 09:58:37',1),(273,20,'2006','未加工或半加工的骨、角、牙、介及不属别类的工艺品','A',0,'2019-03-12 09:58:52',1,'2019-03-12 09:58:52',1),(274,20,'2007','非金属牌照','A',0,'2019-03-12 09:59:05',1,'2019-03-12 09:59:05',1),(275,20,'2008','食品用塑料装饰品','A',0,'2019-03-12 09:59:33',1,'2019-03-12 09:59:33',1),(276,20,'2009','禽、畜等动物用制品','A',0,'2019-03-12 09:59:57',1,'2019-03-12 09:59:57',1),(277,20,'2010','非金属制身份鉴别手环','A',0,'2019-03-12 10:00:10',1,'2019-03-12 10:00:10',1),(278,20,'2011','非金属棺材及附件','A',0,'2019-03-12 10:00:26',1,'2019-03-12 10:00:26',1),(279,20,'2012','非金属家具附件','A',0,'2019-03-12 10:00:39',1,'2019-03-12 10:00:39',1),(280,20,'2013','垫，枕','A',0,'2019-03-12 10:07:14',1,'2019-03-12 10:07:14',1),(281,20,'2014','非金属紧固件及门窗附件','A',0,'2019-03-12 10:07:29',1,'2019-03-12 10:07:29',1),(282,21,'2101','厨房炊事用具及容器（包括不属别类的餐具）','A',0,'2019-03-12 10:10:00',1,'2019-03-12 10:10:00',1),(283,21,'2102','不属别类的玻璃器皿','A',0,'2019-03-12 10:11:48',1,'2019-03-12 10:11:48',1),(284,21,'2103','瓷器，陶器（茶具、酒具除外）','A',0,'2019-03-12 10:12:09',1,'2019-03-12 10:12:09',1),(285,21,'2104','玻璃、瓷、陶的工艺品','A',0,'2019-03-12 10:12:21',1,'2019-03-12 10:12:21',1),(286,21,'2105','茶具、酒具、咖啡具及饮水用具','A',0,'2019-03-12 10:26:49',1,'2019-03-12 10:26:49',1),(287,21,'2106','家庭日用及卫生器具','A',0,'2019-03-12 11:04:44',1,'2019-03-12 11:04:44',1),(288,21,'2107','梳子、刷子、制刷材料（不包括牙刷）','A',0,'2019-03-12 11:05:06',1,'2019-03-12 11:05:06',1),(289,21,'2108','刷牙用具','A',0,'2019-03-12 11:05:27',1,'2019-03-12 11:05:27',1),(290,21,'2109','牙签','A',0,'2019-03-12 11:06:02',1,'2019-03-12 11:06:02',1),(291,21,'2110','化妆用具','A',0,'2019-03-12 11:07:37',1,'2019-03-12 11:07:37',1),(292,21,'2111','隔热用具','A',0,'2019-03-12 11:09:17',1,'2019-03-12 11:09:17',1),(293,21,'2112','家务用具','A',0,'2019-03-12 11:09:31',1,'2019-03-12 11:09:31',1),(294,21,'2113','未加工或半加工玻璃（不包括建筑用玻璃）','A',0,'2019-03-12 11:09:49',1,'2019-03-12 11:09:49',1),(295,21,'2114','不属别类的动植物器具','A',0,'2019-03-12 11:10:33',1,'2019-03-12 11:10:33',1),(296,21,'2115','家用灭虫、灭鼠用具','A',0,'2019-03-12 11:10:48',1,'2019-03-12 11:10:48',1),(297,22,'2201','缆，绳，线，带','A',0,'2019-03-12 11:17:14',1,'2019-03-12 11:17:14',1),(298,22,'2202','网，遮篷，帐篷，防水帆布，帆','A',0,'2019-03-12 11:17:36',1,'2019-03-12 11:17:36',1),(299,22,'2203','袋子，装卸，包装用物品','A',0,'2019-03-12 11:17:53',1,'2019-03-12 11:17:53',1),(300,22,'2204','衬垫，填充料，密封物品（不包括橡胶、塑料制品）','A',0,'2019-03-12 11:18:10',1,'2019-03-12 11:18:10',1),(301,22,'2205','纤维原料','A',0,'2019-03-12 11:18:26',1,'2019-03-12 11:18:26',1),(302,23,'2301','纺织用纱、丝','A',0,'2019-03-12 11:26:23',1,'2019-03-12 11:26:23',1),(303,23,'2302','线','A',0,'2019-03-12 11:26:37',1,'2019-03-12 11:26:37',1),(304,23,'2303','毛线','A',0,'2019-03-12 11:26:54',1,'2019-03-12 11:26:54',1),(305,24,'2401','纺织品，布料','A',0,'2019-03-12 11:43:32',1,'2019-03-12 11:43:32',1),(306,24,'2402','特殊用织物','A',0,'2019-03-12 11:43:48',1,'2019-03-12 11:43:48',1),(307,24,'2403','纺织品壁挂','A',0,'2019-03-12 11:44:01',1,'2019-03-12 11:44:01',1),(308,24,'2404','毡及毡制品','A',0,'2019-03-12 11:44:15',1,'2019-03-12 11:44:15',1),(309,24,'2405','毛巾，浴巾，手帕','A',0,'2019-03-12 11:44:31',1,'2019-03-12 11:44:31',1),(310,24,'2406','床上用品','A',0,'2019-03-12 11:44:45',1,'2019-03-12 11:44:45',1),(311,24,'2407','室内遮盖物','A',0,'2019-03-12 11:44:57',1,'2019-03-12 11:44:57',1),(312,24,'2408','洗涤用手套','A',0,'2019-03-12 11:45:14',1,'2019-03-12 11:45:14',1),(313,24,'2409','特殊用布','A',0,'2019-03-12 11:45:27',1,'2019-03-12 11:45:27',1),(314,24,'2410','旗','A',0,'2019-03-12 11:45:40',1,'2019-03-12 11:45:40',1),(315,24,'2411','寿衣','A',0,'2019-03-12 11:45:55',1,'2019-03-12 11:45:55',1),(316,25,'2501','衣物','A',0,'2019-03-12 11:46:27',1,'2019-03-12 11:46:27',1),(317,25,'2502','婴儿纺织用品','A',0,'2019-03-12 11:46:39',1,'2019-03-12 11:46:39',1),(318,25,'2503','特种运动服装','A',0,'2019-03-12 11:46:52',1,'2019-03-12 11:46:52',1),(319,25,'2504','不透水服装','A',0,'2019-03-12 11:47:13',1,'2019-03-12 11:47:13',1),(320,25,'2505','戏装','A',0,'2019-03-12 11:47:25',1,'2019-03-12 11:47:25',1),(321,25,'2506','特殊用鞋','A',0,'2019-03-12 11:47:38',1,'2019-03-12 11:47:38',1),(322,25,'2507','鞋','A',0,'2019-03-12 11:47:52',1,'2019-03-12 11:47:52',1),(323,25,'2508','帽','A',0,'2019-03-12 11:48:05',1,'2019-03-12 11:48:05',1),(324,25,'2509','袜','A',0,'2019-03-12 11:48:19',1,'2019-03-12 11:48:19',1),(325,25,'2510','手套（不包括特种手套）','A',0,'2019-03-12 11:48:33',1,'2019-03-12 11:48:33',1),(326,25,'2511','领带，围巾，披巾，面纱','A',0,'2019-03-12 11:48:52',1,'2019-03-12 11:48:52',1),(327,25,'2512','腰带，服装带','A',0,'2019-03-12 11:49:09',1,'2019-03-12 11:49:09',1),(328,25,'2513','单一商品','A',0,'2019-03-12 11:49:25',1,'2019-03-12 11:49:25',1),(329,26,'2601','花边，饰品及编带','A',0,'2019-03-12 11:51:06',1,'2019-03-12 11:51:06',1),(330,26,'2602','不属别类的服饰品，饰针','A',0,'2019-03-12 11:51:22',1,'2019-03-12 11:51:22',1),(331,26,'2603','钮扣，领钩扣，拉链','A',0,'2019-03-12 11:52:06',1,'2019-03-12 11:52:06',1),(332,26,'2604','假发，假胡须','A',0,'2019-03-12 11:52:22',1,'2019-03-12 11:52:22',1),(333,26,'2605','缝纫用具（线除外）','A',0,'2019-03-12 11:52:40',1,'2019-03-12 11:52:40',1),(334,26,'2606','假花','A',0,'2019-03-12 11:52:52',1,'2019-03-12 11:52:52',1),(335,26,'2607','硬托衬骨','A',0,'2019-03-12 11:53:05',1,'2019-03-12 11:53:05',1),(336,26,'2608','修补纺织品用热粘胶片','A',0,'2019-03-12 11:53:19',1,'2019-03-12 11:53:19',1),(337,26,'2609','亚麻布标记用品','A',0,'2019-03-12 11:53:33',1,'2019-03-12 11:53:33',1),(338,26,'2610','茶壶保暖套','A',0,'2019-03-12 11:53:50',1,'2019-03-12 11:53:50',1),(339,27,'2701','地毯','A',0,'2019-03-12 13:40:23',1,'2019-03-12 13:40:23',1),(340,27,'2702','席类','A',0,'2019-03-12 13:40:36',1,'2019-03-12 13:40:36',1),(341,27,'2703','垫及其他铺地板用品','A',0,'2019-03-12 13:40:51',1,'2019-03-12 13:40:51',1),(342,27,'2704','墙纸，非纺织品墙帷及非纺织品壁挂','A',0,'2019-03-12 13:41:25',1,'2019-03-12 13:41:25',1),(343,28,'2801','娱乐器械，娱乐物品','A',0,'2019-03-12 13:42:07',1,'2019-03-12 13:42:07',1),(344,28,'2802','玩具','A',0,'2019-03-12 13:42:21',1,'2019-03-12 13:42:21',1),(345,28,'2803','棋，牌及辅助器材','A',0,'2019-03-12 13:42:42',1,'2019-03-12 13:42:42',1),(346,28,'2804','球类及器材','A',0,'2019-03-12 13:43:22',1,'2019-03-12 13:43:22',1),(347,28,'2805','健身器材','A',0,'2019-03-12 13:43:36',1,'2019-03-12 13:43:36',1),(348,28,'2806','射箭运动器材','A',0,'2019-03-12 13:43:50',1,'2019-03-12 13:43:50',1),(349,28,'2807','体操、举重、田径、冰雪及属于本类的其它运动器材','A',0,'2019-03-12 13:44:05',1,'2019-03-12 13:44:05',1),(350,28,'2808','游泳池及跑道','A',0,'2019-03-12 13:44:20',1,'2019-03-12 13:44:20',1),(351,28,'2809','运动防护器具及冰鞋','A',0,'2019-03-12 13:44:34',1,'2019-03-12 13:44:34',1),(352,28,'2810','圣诞树用的装饰品','A',0,'2019-03-12 13:46:46',1,'2019-03-12 13:46:46',1),(353,28,'2811','钓具','A',0,'2019-03-12 13:47:01',1,'2019-03-12 13:47:01',1),(354,28,'2812','单一商品','A',0,'2019-03-12 13:47:15',1,'2019-03-12 13:47:15',1),(355,29,'2901','肉，非活的家禽，野味，肉汁','A',0,'2019-03-12 13:47:49',1,'2019-03-12 13:47:49',1),(356,29,'2902','非活水产品','A',0,'2019-03-12 13:48:04',1,'2019-03-12 13:48:04',1),(357,29,'2903','罐头食品（软包装食品不包括在内，随原料制成品归类）','A',0,'2019-03-12 13:48:22',1,'2019-03-12 13:48:22',1),(358,29,'2904','腌渍、干制水果及制品','A',0,'2019-03-12 13:48:38',1,'2019-03-12 13:48:38',1),(359,29,'2905','腌制、干制蔬菜','A',0,'2019-03-12 13:48:51',1,'2019-03-12 13:48:51',1),(360,29,'2906','蛋品','A',0,'2019-03-12 13:49:05',1,'2019-03-12 13:49:05',1),(361,29,'2907','奶及乳制品','A',0,'2019-03-12 13:49:21',1,'2019-03-12 13:49:21',1),(362,29,'2908','食用油脂','A',0,'2019-03-12 13:49:35',1,'2019-03-12 13:49:35',1),(363,29,'2909','色拉','A',0,'2019-03-12 13:49:49',1,'2019-03-12 13:49:49',1),(364,29,'2910','食用果胶','A',0,'2019-03-12 13:50:02',1,'2019-03-12 13:50:02',1),(365,29,'2911','加工过的坚果','A',0,'2019-03-12 13:50:27',1,'2019-03-12 13:50:27',1),(366,29,'2912','菌类干制品','A',0,'2019-03-12 13:50:42',1,'2019-03-12 13:50:42',1),(367,29,'2913','食物蛋白，豆腐制品','A',0,'2019-03-12 13:50:58',1,'2019-03-12 13:50:58',1),(368,30,'3001','咖啡，咖啡代用品，可可','A',0,'2019-03-12 13:54:00',1,'2019-03-12 13:54:00',1),(369,30,'3002','茶、茶饮料','A',0,'2019-03-12 13:54:15',1,'2019-03-12 13:54:15',1),(370,30,'3003','糖','A',0,'2019-03-12 13:54:31',1,'2019-03-12 13:54:31',1),(371,30,'3004','糖果，南糖，糖','A',0,'2019-03-12 13:56:06',1,'2019-03-12 13:56:06',1),(372,30,'3005','蜂蜜，蜂王浆等营养食品','A',0,'2019-03-12 13:56:32',1,'2019-03-12 13:56:32',1),(373,30,'3006','面包，糕点','A',0,'2019-03-12 13:56:48',1,'2019-03-12 13:56:48',1),(374,30,'3007','方便食品','A',0,'2019-03-12 13:57:57',1,'2019-03-12 13:57:57',1),(375,30,'3008','米，面粉（包括五谷杂粮）','A',0,'2019-03-12 13:58:16',1,'2019-03-12 13:58:16',1),(376,30,'3009','面条及米面制品','A',0,'2019-03-12 13:58:34',1,'2019-03-12 13:58:34',1),(377,30,'3010','谷物膨化食品','A',0,'2019-03-12 13:58:47',1,'2019-03-12 13:58:47',1),(378,30,'3011','豆粉，食用预制面筋','A',0,'2019-03-12 13:59:01',1,'2019-03-12 13:59:01',1),(379,30,'3012','食用淀粉及其制品','A',0,'2019-03-12 14:09:09',1,'2019-03-12 14:09:09',1),(380,30,'3013','食用冰，冰制品','A',0,'2019-03-12 14:10:33',1,'2019-03-12 14:10:33',1),(381,30,'3014','食盐','A',0,'2019-03-12 14:10:47',1,'2019-03-12 14:10:47',1),(382,30,'3015','酱油，醋','A',0,'2019-03-12 14:11:02',1,'2019-03-12 14:11:02',1),(383,30,'3016','芥末，味精，沙司，酱等调味品','A',0,'2019-03-12 14:11:25',1,'2019-03-12 14:11:25',1),(384,30,'3017','酵母','A',0,'2019-03-12 14:11:42',1,'2019-03-12 14:11:42',1),(385,30,'3018','食用香精，香料','A',0,'2019-03-12 14:12:25',1,'2019-03-12 14:12:25',1),(386,30,'3019','单一商品','A',0,'2019-03-12 14:12:38',1,'2019-03-12 14:12:38',1),(387,31,'3101','未加工的林业产品','A',0,'2019-03-12 14:13:36',1,'2019-03-12 14:13:36',1),(388,31,'3102','未加工的谷物及农产品（不包括蔬菜,种籽）','A',0,'2019-03-12 14:14:07',1,'2019-03-12 14:14:07',1),(389,31,'3103','花卉，园艺产品，草本植物','A',0,'2019-03-12 14:14:26',1,'2019-03-12 14:14:26',1),(390,31,'3104','活动物','A',0,'2019-03-12 14:14:40',1,'2019-03-12 14:14:40',1),(391,31,'3105','未加工的水果及干果','A',0,'2019-03-12 14:14:57',1,'2019-03-12 14:14:57',1),(392,31,'3106','新鲜蔬菜','A',0,'2019-03-12 14:15:17',1,'2019-03-12 14:15:17',1),(393,31,'3107','种籽','A',0,'2019-03-12 14:15:32',1,'2019-03-12 14:16:03',1),(394,31,'3108','可食用海藻，动物饲料','A',0,'2019-03-12 14:15:50',1,'2019-03-12 14:15:50',1),(395,31,'3109','麦芽','A',0,'2019-03-12 14:16:31',1,'2019-03-12 14:16:31',1),(396,31,'3110','动物栖息用干草等制品','A',0,'2019-03-12 14:16:44',1,'2019-03-12 14:16:44',1),(397,32,'3201','啤酒','A',0,'2019-03-12 14:18:18',1,'2019-03-12 14:18:18',1),(398,32,'3202','不含酒精饮料','A',0,'2019-03-12 14:18:33',1,'2019-03-12 14:18:33',1),(399,32,'3203','糖浆及其他饮料用的制剂','A',0,'2019-03-12 14:18:49',1,'2019-03-12 14:18:49',1),(400,33,'3301','含酒精的饮料（啤酒除外）','A',0,'2019-03-12 14:19:14',1,'2019-03-12 14:19:14',1),(401,34,'3401','烟草及其制品','A',0,'2019-03-12 14:19:30',1,'2019-03-12 14:19:30',1),(402,34,'3402','烟具','A',0,'2019-03-12 14:19:42',1,'2019-03-12 14:19:42',1),(403,34,'3403','火柴','A',0,'2019-03-12 14:19:55',1,'2019-03-12 14:19:55',1),(404,34,'3404','吸烟用打火机','A',0,'2019-03-12 14:20:10',1,'2019-03-12 14:20:10',1),(405,34,'3405','烟纸，过滤嘴','A',0,'2019-03-12 14:20:48',1,'2019-03-12 14:20:48',1),(406,34,'3406','香烟用调味品','A',0,'2019-03-12 14:21:01',1,'2019-03-12 14:21:01',1),(407,35,'3501','广告','A',0,'2019-03-12 14:29:01',1,'2019-03-12 14:29:01',1),(408,35,'3502','工商管理辅助业','A',0,'2019-03-12 14:29:17',1,'2019-03-12 14:29:17',1),(409,35,'3503','替他人推销','A',0,'2019-03-12 14:29:31',1,'2019-03-12 14:29:31',1),(410,35,'3504','人事管理辅助业','A',0,'2019-03-12 14:29:46',1,'2019-03-12 14:29:46',1),(411,35,'3505','商业企业迁移','A',0,'2019-03-12 14:30:00',1,'2019-03-12 14:30:00',1),(412,35,'3506','办公事务','A',0,'2019-03-12 14:30:24',1,'2019-03-12 14:30:24',1),(413,35,'3507','财会','A',0,'2019-03-12 14:31:03',1,'2019-03-12 14:31:03',1),(414,35,'3508','单一服务','A',0,'2019-03-12 14:31:16',1,'2019-03-12 14:31:16',1),(415,35,'3509','药品、医疗用品等零售或批发服务','A',0,'2019-03-12 14:31:32',1,'2019-03-12 14:31:32',1),(416,36,'3601','保险','A',0,'2019-03-12 14:34:51',1,'2019-03-12 14:34:51',1),(417,36,'3602','金融事务','A',0,'2019-03-12 14:35:09',1,'2019-03-12 14:35:09',1),(418,36,'3603','珍宝估价','A',0,'2019-03-12 14:35:20',1,'2019-03-12 14:35:20',1),(419,36,'3604','不动产事务','A',0,'2019-03-12 14:36:12',1,'2019-03-12 14:36:12',1),(420,36,'3605','经纪','A',0,'2019-03-12 14:36:27',1,'2019-03-12 14:36:27',1),(421,36,'3606','担保','A',0,'2019-03-12 14:37:06',1,'2019-03-12 14:37:06',1),(422,36,'3607','慈善募捐','A',0,'2019-03-12 14:37:22',1,'2019-03-12 14:37:22',1),(423,36,'3608','受托管理','A',0,'2019-03-12 14:37:44',1,'2019-03-12 14:37:44',1),(424,36,'3609','其它','A',0,'2019-03-12 14:37:58',1,'2019-03-12 14:37:58',1),(425,37,'3701','建设、维修信息服务','A',0,'2019-03-12 14:39:24',1,'2019-03-12 14:39:24',1),(426,37,'3702','建筑工程服务','A',0,'2019-03-12 14:39:41',1,'2019-03-12 14:39:41',1),(427,37,'3703','开采服务','A',0,'2019-03-12 14:39:56',1,'2019-03-12 14:39:56',1),(428,37,'3704','建筑物装饰修理服务','A',0,'2019-03-12 14:40:14',1,'2019-03-12 14:40:14',1),(429,37,'3705','供暖设备的安装与修理','A',0,'2019-03-12 14:40:30',1,'2019-03-12 14:40:30',1),(430,37,'3706','机械、电器设备的安装与修理','A',0,'2019-03-12 14:40:49',1,'2019-03-12 14:40:49',1),(431,37,'3707','陆地机械车辆维修','A',0,'2019-03-12 14:43:54',1,'2019-03-12 14:43:54',1),(432,37,'3708','飞机维修','A',0,'2019-03-12 14:44:12',1,'2019-03-12 14:44:12',1),(433,37,'3709','造船服务','A',0,'2019-03-12 14:44:25',1,'2019-03-12 14:44:25',1),(434,37,'3710','影视器材维修','A',0,'2019-03-12 14:44:40',1,'2019-03-12 14:44:40',1),(435,37,'3711','钟表修理','A',0,'2019-03-12 14:44:54',1,'2019-03-12 14:44:54',1),(436,37,'3712','保险装置的维修','A',0,'2019-03-12 14:45:07',1,'2019-03-12 14:45:07',1),(437,37,'3713','特殊处理服务','A',0,'2019-03-12 14:45:24',1,'2019-03-12 14:45:24',1),(438,37,'3714','轮胎维修服务','A',0,'2019-03-12 14:45:42',1,'2019-03-12 14:45:42',1),(439,37,'3715','家具的修复、保养','A',0,'2019-03-12 14:45:58',1,'2019-03-12 14:45:58',1),(440,37,'3716','衣服，皮革的修补，保护，洗涤服务','A',0,'2019-03-12 14:46:16',1,'2019-03-12 14:46:16',1),(441,37,'3717','灭虫，消毒服务','A',0,'2019-03-12 14:46:30',1,'2019-03-12 14:46:30',1),(442,37,'3718','单一服务','A',0,'2019-03-12 14:46:50',1,'2019-03-12 14:46:50',1),(443,38,'3801','进行播放无线电或电视节目的服务','A',0,'2019-03-12 14:48:08',1,'2019-03-12 14:48:08',1),(444,38,'3802','通迅服务','A',0,'2019-03-12 14:48:21',1,'2019-03-12 14:48:21',1),(445,39,'3901','运输及运输前的包装服务','A',0,'2019-03-12 14:54:33',1,'2019-03-12 14:54:33',1),(446,39,'3902','水上运输及相关服务','A',0,'2019-03-12 14:54:50',1,'2019-03-12 14:54:50',1),(447,39,'3903','陆地运输','A',0,'2019-03-12 14:55:10',1,'2019-03-12 14:55:10',1),(448,39,'3904','空中运输','A',0,'2019-03-12 14:55:28',1,'2019-03-12 14:55:28',1),(449,39,'3905','其他运输及相关服务','A',0,'2019-03-12 14:55:48',1,'2019-03-12 14:55:48',1),(450,39,'3906','货物的贮藏','A',0,'2019-03-12 14:56:02',1,'2019-03-12 14:56:02',1),(451,39,'3907','潜水工具出租','A',0,'2019-03-12 14:56:19',1,'2019-03-12 14:56:19',1),(452,39,'3908','供水电服务','A',0,'2019-03-12 14:56:36',1,'2019-03-12 14:56:36',1),(453,39,'3909','水闸管理服务','A',0,'2019-03-12 14:56:50',1,'2019-03-12 14:56:50',1),(454,39,'3910','投递服务','A',0,'2019-03-12 14:57:06',1,'2019-03-12 14:57:06',1),(455,39,'3911','旅行安排','A',0,'2019-03-12 14:57:21',1,'2019-03-12 14:57:21',1),(456,39,'3912','单一服务','A',0,'2019-03-12 14:57:38',1,'2019-03-12 14:57:38',1),(457,40,'4001','综合加工及提供信息服务','A',0,'2019-03-12 15:11:39',1,'2019-03-12 15:11:39',1),(458,40,'4002','金属材料处理或加工服务','A',0,'2019-03-12 15:11:54',1,'2019-03-12 15:11:54',1),(459,40,'4003','纺织品化学处理或加工服务','A',0,'2019-03-12 15:15:40',1,'2019-03-12 15:15:40',1),(460,40,'4004','木材加工服务','A',0,'2019-03-12 15:15:53',1,'2019-03-12 15:15:53',1),(461,40,'4005','纸张加工服务','A',0,'2019-03-12 15:16:07',1,'2019-03-12 15:16:07',1),(462,40,'4006','玻璃加工服务','A',0,'2019-03-12 15:16:21',1,'2019-03-12 15:16:21',1),(463,40,'4007','陶器加工服务','A',0,'2019-03-12 15:16:41',1,'2019-03-12 15:16:41',1),(464,40,'4008','食物、饮料加工服务','A',0,'2019-03-12 15:16:57',1,'2019-03-12 15:16:57',1),(465,40,'4009','剥制加工服务','A',0,'2019-03-12 15:17:10',1,'2019-03-12 15:17:10',1),(466,40,'4010','皮革、服装加工服务','A',0,'2019-03-12 15:17:43',1,'2019-03-12 15:17:43',1),(467,40,'4011','影像加工处理服务','A',0,'2019-03-12 15:17:54',1,'2019-03-12 15:17:54',1),(468,40,'4012','污物处理服务','A',0,'2019-03-12 15:18:24',1,'2019-03-12 15:18:24',1),(469,40,'4013','空气调节服务','A',0,'2019-03-12 15:18:38',1,'2019-03-12 15:18:38',1),(470,40,'4014','水处理服务','A',0,'2019-03-12 15:18:51',1,'2019-03-12 15:18:51',1),(471,40,'4015','单一服务','A',0,'2019-03-12 15:19:17',1,'2019-03-12 15:19:17',1),(472,41,'4101','教育','A',0,'2019-03-12 15:21:10',1,'2019-03-12 15:21:10',1),(473,41,'4102','组织和安排教育、文化、娱乐等活动','A',0,'2019-03-12 15:21:28',1,'2019-03-12 15:21:28',1),(474,41,'4103','图书馆服务','A',0,'2019-03-12 15:21:43',1,'2019-03-12 15:21:43',1),(475,41,'4104','出版服务','A',0,'2019-03-12 15:21:56',1,'2019-03-12 15:21:56',1),(476,41,'4105','文娱、体育活动的服务','A',0,'2019-03-12 15:25:09',1,'2019-03-12 15:25:09',1),(477,41,'4106','驯兽','A',0,'2019-03-12 15:25:21',1,'2019-03-12 15:25:21',1),(478,41,'4107','单一服务','A',0,'2019-03-12 15:25:37',1,'2019-03-12 15:25:37',1),(479,42,'4209','提供研究和开发服务','A',0,'2019-03-12 15:27:22',1,'2019-03-12 15:27:22',1),(480,42,'4210','提供地质调查、研究、开发服务','A',0,'2019-03-12 15:27:45',1,'2019-03-12 15:27:45',1),(481,42,'4211','提供化学研究服务','A',0,'2019-03-12 15:27:58',1,'2019-03-12 15:27:58',1),(482,42,'4212','提供生物学研究服务','A',0,'2019-03-12 15:29:50',1,'2019-03-12 15:29:50',1),(483,42,'4213','提供气象情报服务','A',0,'2019-03-12 15:30:15',1,'2019-03-12 15:30:15',1),(484,42,'4214','提供测试服务','A',0,'2019-03-12 15:30:27',1,'2019-03-12 15:30:27',1),(485,42,'4216','外观设计服务','A',0,'2019-03-12 15:30:49',1,'2019-03-12 15:30:49',1),(486,42,'4217','建筑物的设计、咨询服务','A',0,'2019-03-12 15:31:06',1,'2019-03-12 15:31:06',1),(487,42,'4218','服装设计服务','A',0,'2019-03-12 15:31:20',1,'2019-03-12 15:31:20',1),(488,42,'4220','计算机编程及相关服务','A',0,'2019-03-12 15:31:34',1,'2019-03-12 15:31:34',1),(489,42,'4224','提供艺术品鉴定服务','A',0,'2019-03-12 15:31:50',1,'2019-03-12 15:31:50',1),(490,42,'4227','单一服务','A',0,'2019-03-12 15:32:02',1,'2019-03-12 15:32:02',1),(491,43,'4301','提供餐饮，住宿服务','A',0,'2019-03-12 15:32:36',1,'2019-03-12 15:32:36',1),(492,43,'4302','提供房屋设施的服务','A',0,'2019-03-12 15:32:54',1,'2019-03-12 15:32:54',1),(493,43,'4303','养老院','A',0,'2019-03-12 15:33:07',1,'2019-03-12 15:33:07',1),(494,43,'4304','托儿服务','A',0,'2019-03-12 15:33:26',1,'2019-03-12 15:33:26',1),(495,43,'4305','为动物提供食宿','A',0,'2019-03-12 15:33:44',1,'2019-03-12 15:33:44',1),(496,43,'4306','单一服务','A',0,'2019-03-12 15:34:00',1,'2019-03-12 15:34:00',1),(497,44,'4401','医疗服务','A',0,'2019-03-12 15:36:53',1,'2019-03-12 15:36:53',1),(498,44,'4402','卫生美容服务','A',0,'2019-03-12 15:37:06',1,'2019-03-12 15:37:06',1),(499,44,'4403','为动物提供服务','A',0,'2019-03-12 15:37:18',1,'2019-03-12 15:37:18',1),(500,44,'4404','农业、园艺服务','A',0,'2019-03-12 15:37:30',1,'2019-03-12 15:37:30',1),(501,44,'4405','单一服务','A',0,'2019-03-12 15:37:42',1,'2019-03-12 15:37:42',1),(502,45,'4501','安全服务','A',0,'2019-03-12 15:38:05',1,'2019-03-12 15:38:05',1),(503,45,'4502','提供人员服务','A',0,'2019-03-12 15:38:17',1,'2019-03-12 15:38:17',1),(504,45,'4503','提供服装服务','A',0,'2019-03-12 15:38:32',1,'2019-03-12 15:38:32',1),(505,45,'4504','殡仪服务','A',0,'2019-03-12 15:38:45',1,'2019-03-12 15:38:45',1),(506,45,'4505','单一服务','A',0,'2019-03-12 15:38:58',1,'2019-03-12 15:38:58',1),(507,45,'4506','法律服务','A',0,'2019-03-12 15:39:13',1,'2019-03-12 15:39:13',1);

/*Table structure for table `reg_country` */

DROP TABLE IF EXISTS `reg_country`;

CREATE TABLE `reg_country` (
  `country_id` bigint(11) NOT NULL,
  `countryName` varchar(255) DEFAULT NULL,
  `countryENName` varchar(255) DEFAULT NULL,
  PRIMARY KEY (`country_id`)
) ENGINE=InnoDB DEFAULT CHARSET=utf8;

/*Data for the table `reg_country` */

insert  into `reg_country`(`country_id`,`countryName`,`countryENName`) values (1,'中国','Chinese');

/*Table structure for table `reg_info` */

DROP TABLE IF EXISTS `reg_info`;

CREATE TABLE `reg_info` (
  `reg_id` bigint(20) NOT NULL AUTO_INCREMENT,
  `brandName` varchar(255) DEFAULT NULL,
  `country_id` int(11) DEFAULT NULL,
  `reg_phone` varchar(255) DEFAULT NULL,
  `create_date` datetime DEFAULT NULL,
  `country_name` varchar(255) DEFAULT NULL,
  PRIMARY KEY (`reg_id`)
) ENGINE=InnoDB AUTO_INCREMENT=13 DEFAULT CHARSET=utf8;

/*Data for the table `reg_info` */

insert  into `reg_info`(`reg_id`,`brandName`,`country_id`,`reg_phone`,`create_date`,`country_name`) values (1,'老干妈',1,'15815595375','2020-07-03 11:39:42','中国'),(3,'名途',NULL,'15815595334','2020-07-03 10:46:45','中国'),(7,'aa',NULL,'aa','2020-07-06 08:48:03','aa'),(8,'SS',NULL,'SS','2020-07-06 09:10:05','SSS'),(9,'mm',NULL,'mm','2020-07-06 09:15:46','mm'),(10,'',NULL,'','2020-07-07 00:54:57',''),(11,'11',NULL,'33','2020-07-07 00:55:05','22'),(12,'',NULL,'','2020-07-07 00:55:41','');

/*Table structure for table `sys_access` */

DROP TABLE IF EXISTS `sys_access`;

CREATE TABLE `sys_access` (
  `access_id` bigint(11) NOT NULL AUTO_INCREMENT,
  `accessI_date` datetime DEFAULT NULL,
  `access_total` int(11) DEFAULT NULL,
  `access_effective` int(11) DEFAULT NULL,
  `access_ip` varchar(100) DEFAULT NULL,
  PRIMARY KEY (`access_id`)
) ENGINE=InnoDB AUTO_INCREMENT=37 DEFAULT CHARSET=utf8;

/*Data for the table `sys_access` */

insert  into `sys_access`(`access_id`,`accessI_date`,`access_total`,`access_effective`,`access_ip`) values (1,'2020-07-13 16:36:35',NULL,NULL,NULL),(2,'2020-07-03 16:36:47',NULL,NULL,NULL),(3,'2020-07-02 16:37:01',NULL,NULL,NULL),(4,'2020-07-03 16:37:56',NULL,NULL,NULL),(5,'2020-07-03 10:43:29',NULL,NULL,'0:0:0:0:0:0:0:1'),(6,'2020-07-03 10:43:35',NULL,NULL,'0:0:0:0:0:0:0:1'),(7,'2020-07-03 10:46:35',NULL,NULL,'0:0:0:0:0:0:0:1'),(8,'2020-07-03 10:51:31',NULL,NULL,'0:0:0:0:0:0:0:1'),(9,'2020-07-03 10:51:35',NULL,NULL,'0:0:0:0:0:0:0:1'),(10,'2020-07-03 10:53:29',NULL,NULL,'0:0:0:0:0:0:0:1'),(11,'2020-07-03 10:53:33',NULL,NULL,'0:0:0:0:0:0:0:1'),(12,'2020-07-06 08:23:00',NULL,NULL,'0:0:0:0:0:0:0:1'),(13,'2020-07-06 08:31:25',NULL,NULL,'127.0.0.1'),(14,'2020-07-06 08:37:46',NULL,NULL,'127.0.0.1'),(15,'2020-07-06 08:40:51',NULL,NULL,'127.0.0.1'),(16,'2020-07-06 08:43:37',NULL,NULL,'127.0.0.1'),(17,'2020-07-06 08:46:36',NULL,NULL,'127.0.0.1'),(18,'2020-07-06 08:47:22',NULL,NULL,'127.0.0.1'),(19,'2020-07-06 08:47:49',NULL,NULL,'127.0.0.1'),(20,'2020-07-06 08:48:09',NULL,NULL,'127.0.0.1'),(21,'2020-07-06 08:57:02',NULL,NULL,'127.0.0.1'),(22,'2020-07-06 08:58:09',NULL,NULL,'127.0.0.1'),(23,'2020-07-06 09:03:03',NULL,NULL,'127.0.0.1'),(24,'2020-07-06 09:03:09',NULL,NULL,'127.0.0.1'),(25,'2020-07-06 09:03:11',NULL,NULL,'127.0.0.1'),(26,'2020-07-06 09:07:10',NULL,NULL,'127.0.0.1'),(27,'2020-07-06 09:07:15',NULL,NULL,'127.0.0.1'),(28,'2020-07-06 09:09:49',NULL,NULL,'127.0.0.1'),(29,'2020-07-06 09:09:58',NULL,NULL,'127.0.0.1'),(30,'2020-07-06 09:13:46',NULL,NULL,'127.0.0.1'),(31,'2020-07-06 09:15:35',NULL,NULL,'127.0.0.1'),(32,'2020-07-07 00:50:04',NULL,NULL,'0:0:0:0:0:0:0:1'),(33,'2020-07-07 00:54:44',NULL,NULL,'127.0.0.1'),(34,'2020-07-07 00:55:35',NULL,NULL,'127.0.0.1'),(35,'2020-07-07 00:55:40',NULL,NULL,'127.0.0.1'),(36,'2020-07-07 12:02:43',NULL,NULL,'0:0:0:0:0:0:0:1');

/*Table structure for table `sys_info` */

DROP TABLE IF EXISTS `sys_info`;

CREATE TABLE `sys_info` (
  `id` bigint(11) NOT NULL,
  `access_count` int(11) DEFAULT NULL,
  PRIMARY KEY (`id`)
) ENGINE=InnoDB DEFAULT CHARSET=utf8;

/*Data for the table `sys_info` */

/*!40101 SET SQL_MODE=@OLD_SQL_MODE */;
/*!40014 SET FOREIGN_KEY_CHECKS=@OLD_FOREIGN_KEY_CHECKS */;
/*!40014 SET UNIQUE_CHECKS=@OLD_UNIQUE_CHECKS */;
/*!40111 SET SQL_NOTES=@OLD_SQL_NOTES */;
